Date,Transaction_ID,Product_Name,Category,Quantity,Unit_Price,Gross_Revenue,Discount_Applied,Net_Revenue,Net_Profit
2026-04-13,TXN-832180,Workstation Pro Setup,Electronics,13,850,11050,405.39,10644.61,4726.860000000001
2026-04-13,TXN-275203,Cloud Workspace Pro,SaaS,23,45,1035,15.52,1019.48,518.05
2026-04-14,TXN-427069,AI Analytics API Token,SaaS,26,250,6500,36.67,6463.33,2944.69
2026-02-07,TXN-358795,Cloud Workspace Pro,SaaS,25,45,1125,104.2,1020.8,487.5999999999999
2026-03-30,TXN-754811,Enterprise Server Suite,Electronics,11,1200,13200,2019.11,11180.89,6396.599999999999
2026-07-07,TXN-373538,AI Analytics API Token,SaaS,48,250,12000,617.08,11382.92,5481.07
2026-08-17,TXN-765987,AI Analytics API Token,SaaS,11,250,2750,46.89,2703.11,1586.7
2026-03-30,TXN-168148,Workstation Pro Setup,Electronics,14,850,11900,1923.99,9976.01,5377.84
2026-05-10,TXN-356508,Workstation Pro Setup,Electronics,12,850,10200,897.91,9302.09,5354.21
2026-01-08,TXN-905889,AI Analytics API Token,SaaS,18,250,4500,175.98,4324.02,2436.8100000000004
2026-05-14,TXN-302283,Cloud Workspace Pro,SaaS,8,45,360,9.98,350.02,142.14
2026-06-11,TXN-587879,Cloud Workspace Pro,SaaS,40,45,1800,161.43,1638.57,681.03
2026-07-25,TXN-124300,Workstation Pro Setup,Electronics,9,850,7650,1470.59,6179.41,2663.8999999999996
2026-03-23,TXN-616588,Cybersecurity Firewall V4,Software,8,600,4800,513.72,4286.28,2330.9399999999996
2026-02-10,TXN-220151,Cybersecurity Firewall V4,Software,13,600,7800,174.45,7625.55,3070.2200000000003
2026-05-09,TXN-401648,Workstation Pro Setup,Electronics,8,850,6800,7.51,6792.49,2967.6899999999996
2026-05-16,TXN-388998,AI Analytics API Token,SaaS,39,250,9750,751.99,8998.01,5265.56
2026-02-10,TXN-938688,Workstation Pro Setup,Electronics,7,850,5950,1011.55,4938.45,2519.1499999999996
2026-02-17,TXN-994498,Cybersecurity Firewall V4,Software,3,600,1800,319.3,1480.7,807.0600000000001
2026-07-12,TXN-314020,AI Analytics API Token,SaaS,41,250,10250,996.0,9254.0,3981.2299999999996
2026-08-06,TXN-647707,AI Analytics API Token,SaaS,13,250,3250,230.97,3019.03,1744.4600000000003
2026-07-24,TXN-210687,AI Analytics API Token,SaaS,36,250,9000,572.77,8427.23,4526.51
2026-05-12,TXN-874684,Cybersecurity Firewall V4,Software,7,600,4200,761.57,3438.43,1691.82
2026-02-05,TXN-143585,Cybersecurity Firewall V4,Software,7,600,4200,365.09,3834.91,2177.29
2026-06-19,TXN-981691,Cybersecurity Firewall V4,Software,14,600,8400,1596.18,6803.82,2896.4399999999996
2026-04-18,TXN-388249,Workstation Pro Setup,Electronics,4,850,3400,606.94,2793.06,1374.55
2026-04-02,TXN-554589,Enterprise Server Suite,Electronics,7,1200,8400,1904.34,6495.66,3543.8599999999997
2026-05-01,TXN-121959,Workstation Pro Setup,Electronics,13,850,11050,1902.21,9147.79,5475.950000000001
2026-06-04,TXN-265838,Enterprise Server Suite,Electronics,14,1200,16800,932.85,15867.15,9139.91
2026-02-28,TXN-293075,Enterprise Server Suite,Electronics,4,1200,4800,436.36,4363.64,1770.0800000000004
2026-01-12,TXN-193264,Cloud Workspace Pro,SaaS,7,45,315,14.22,300.78,163.32999999999998
2026-07-06,TXN-452228,Enterprise Server Suite,Electronics,2,1200,2400,301.61,2098.39,1237.4299999999998
2026-08-12,TXN-937291,Enterprise Server Suite,Electronics,1,1200,1200,71.87,1128.13,644.19
2026-08-06,TXN-911774,Workstation Pro Setup,Electronics,7,850,5950,906.33,5043.67,2786.4900000000002
2026-02-07,TXN-210078,Cybersecurity Firewall V4,Software,4,600,2400,708.06,1691.94,880.21
2026-08-28,TXN-115708,Enterprise Server Suite,Electronics,9,1200,10800,866.11,9933.89,5589.759999999999
2026-01-03,TXN-659042,Workstation Pro Setup,Electronics,12,850,10200,1382.23,8817.77,5261.41
2026-05-27,TXN-171295,Workstation Pro Setup,Electronics,7,850,5950,207.5,5742.5,2651.96
2026-02-08,TXN-925816,Cloud Workspace Pro,SaaS,44,45,1980,40.84,1939.16,1031.22
2026-06-27,TXN-207512,Cloud Workspace Pro,SaaS,39,45,1755,60.17,1694.83,957.5899999999999
2026-03-01,TXN-907364,Enterprise Server Suite,Electronics,2,1200,2400,597.75,1802.25,733.3599999999999
2026-02-06,TXN-690978,AI Analytics API Token,SaaS,13,250,3250,90.63,3159.37,1453.08
2026-05-28,TXN-891971,Enterprise Server Suite,Electronics,8,1200,9600,2042.23,7557.77,3120.4000000000005
2026-06-15,TXN-837378,Workstation Pro Setup,Electronics,14,850,11900,21.89,11878.11,6885.81
2026-06-02,TXN-102869,Cybersecurity Firewall V4,Software,2,600,1200,57.89,1142.11,559.9199999999998
2026-06-12,TXN-977844,Cybersecurity Firewall V4,Software,9,600,5400,285.0,5115.0,3050.51
2026-02-17,TXN-710704,Workstation Pro Setup,Electronics,8,850,6800,883.5,5916.5,2545.01
2026-05-08,TXN-500109,Enterprise Server Suite,Electronics,12,1200,14400,1831.73,12568.27,5941.4400000000005
2026-06-07,TXN-673665,Cybersecurity Firewall V4,Software,3,600,1800,481.71,1318.29,624.5699999999999
2026-01-21,TXN-979611,Enterprise Server Suite,Electronics,12,1200,14400,2408.13,11991.869999999999,5122.519999999999
2026-03-02,TXN-566960,AI Analytics API Token,SaaS,8,250,2000,4.86,1995.14,939.5200000000002
2026-06-21,TXN-278274,Workstation Pro Setup,Electronics,14,850,11900,2270.35,9629.65,4015.83
2026-05-04,TXN-538452,Enterprise Server Suite,Electronics,5,1200,6000,1392.48,4607.52,2369.9400000000005
2026-04-05,TXN-368246,AI Analytics API Token,SaaS,37,250,9250,69.7,9180.3,4946.9
2026-06-10,TXN-465890,AI Analytics API Token,SaaS,22,250,5500,306.24,5193.76,2143.82
2026-04-14,TXN-156958,Cloud Workspace Pro,SaaS,36,45,1620,163.09,1456.91,769.6400000000001
2026-06-04,TXN-730152,Cloud Workspace Pro,SaaS,6,45,270,13.06,256.94,110.55000000000001
2026-02-12,TXN-653880,Cybersecurity Firewall V4,Software,10,600,6000,1456.85,4543.15,1989.7999999999997
2026-06-01,TXN-956748,Cybersecurity Firewall V4,Software,12,600,7200,1104.5,6095.5,3045.9
2026-01-20,TXN-584299,Enterprise Server Suite,Electronics,8,1200,9600,1684.72,7915.28,3489.38
2026-04-25,TXN-330229,Workstation Pro Setup,Electronics,2,850,1700,31.95,1668.05,807.91
2026-02-20,TXN-155609,Enterprise Server Suite,Electronics,10,1200,12000,1627.93,10372.07,5628.84
2026-02-27,TXN-561243,Enterprise Server Suite,Electronics,4,1200,4800,46.6,4753.4,2563.7299999999996
2026-04-11,TXN-476836,Enterprise Server Suite,Electronics,8,1200,9600,1847.98,7752.02,4316.6
2026-04-13,TXN-562894,Workstation Pro Setup,Electronics,6,850,5100,52.72,5047.28,2491.99
2026-04-09,TXN-322866,Workstation Pro Setup,Electronics,13,850,11050,2142.68,8907.32,4071.37
2026-05-25,TXN-132217,AI Analytics API Token,SaaS,32,250,8000,595.23,7404.77,4071.3500000000004
2026-04-27,TXN-903328,Enterprise Server Suite,Electronics,12,1200,14400,1472.23,12927.77,7308.6
2026-08-27,TXN-276615,Cloud Workspace Pro,SaaS,36,45,1620,133.46,1486.54,679.4699999999999
2026-08-25,TXN-765022,Cybersecurity Firewall V4,Software,1,600,600,171.88,428.12,193.69
2026-03-10,TXN-955474,Cybersecurity Firewall V4,Software,7,600,4200,60.12,4139.88,2015.2600000000002
2026-08-17,TXN-965264,Enterprise Server Suite,Electronics,13,1200,15600,452.68,15147.32,8949.029999999999
2026-04-04,TXN-790607,Workstation Pro Setup,Electronics,5,850,4250,403.05,3846.95,2232.8999999999996
2026-03-26,TXN-990617,Workstation Pro Setup,Electronics,1,850,850,78.99,771.01,362.40999999999997
2026-01-10,TXN-647577,Cybersecurity Firewall V4,Software,4,600,2400,32.62,2367.38,1243.0600000000002
2026-05-27,TXN-497827,Cloud Workspace Pro,SaaS,36,45,1620,208.13,1411.87,661.1199999999999
2026-01-16,TXN-249143,Cloud Workspace Pro,SaaS,32,45,1440,126.53,1313.47,541.09
2026-05-20,TXN-987474,Cloud Workspace Pro,SaaS,39,45,1755,169.35,1585.65,806.0600000000001
2026-06-20,TXN-431593,Cybersecurity Firewall V4,Software,12,600,7200,833.98,6366.02,2595.8200000000006
2026-02-12,TXN-767521,Workstation Pro Setup,Electronics,13,850,11050,153.29,10896.71,6318.399999999999
2026-02-04,TXN-437497,Enterprise Server Suite,Electronics,10,1200,12000,956.93,11043.07,4759.84
2026-06-11,TXN-924945,AI Analytics API Token,SaaS,45,250,11250,558.04,10691.96,4933.499999999999
2026-08-25,TXN-320156,AI Analytics API Token,SaaS,33,250,8250,32.33,8217.67,4243.6900000000005
2026-06-13,TXN-214352,Cloud Workspace Pro,SaaS,41,45,1845,207.73,1637.27,718.16
2026-04-09,TXN-844086,Workstation Pro Setup,Electronics,2,850,1700,85.01,1614.99,781.48
2026-07-09,TXN-737144,Cybersecurity Firewall V4,Software,12,600,7200,926.63,6273.37,2821.92
2026-04-09,TXN-278031,Enterprise Server Suite,Electronics,14,1200,16800,3790.72,13009.28,6490.97
2026-08-05,TXN-295004,Cybersecurity Firewall V4,Software,11,600,6600,197.97,6402.03,3772.74
2026-08-21,TXN-151934,AI Analytics API Token,SaaS,16,250,4000,141.96,3858.04,1576.5500000000002
2026-05-08,TXN-750308,Workstation Pro Setup,Electronics,3,850,2550,251.44,2298.56,1340.85
2026-04-09,TXN-742612,Workstation Pro Setup,Electronics,9,850,7650,847.17,6802.83,3792.27
2026-05-31,TXN-897606,Enterprise Server Suite,Electronics,7,1200,8400,191.53,8208.47,4113.4
2026-05-22,TXN-189930,Cloud Workspace Pro,SaaS,9,45,405,44.77,360.23,176.81000000000003
2026-05-26,TXN-308124,Workstation Pro Setup,Electronics,9,850,7650,1165.11,6484.89,3089.1200000000003
2026-08-18,TXN-905497,Cybersecurity Firewall V4,Software,8,600,4800,104.78,4695.22,2045.3700000000003
2026-07-13,TXN-113807,Cybersecurity Firewall V4,Software,13,600,7800,198.52,7601.48,3060.8999999999996
2026-04-19,TXN-792440,Enterprise Server Suite,Electronics,6,1200,7200,1463.04,5736.96,2355.31
2026-02-14,TXN-303196,Workstation Pro Setup,Electronics,4,850,3400,255.86,3144.14,1833.9799999999998
2026-04-18,TXN-930914,AI Analytics API Token,SaaS,14,250,3500,317.22,3182.7799999999997,1838.8799999999997
2026-06-22,TXN-811131,Cybersecurity Firewall V4,Software,2,600,1200,168.72,1031.28,607.16
2026-07-19,TXN-966651,Cybersecurity Firewall V4,Software,9,600,5400,1205.62,4194.38,1945.3200000000002
2026-07-09,TXN-989765,Enterprise Server Suite,Electronics,12,1200,14400,1028.56,13371.44,5699.9800000000005
2026-04-27,TXN-858574,Cloud Workspace Pro,SaaS,48,45,2160,316.84,1843.16,900.9300000000001
2026-05-29,TXN-523570,Cybersecurity Firewall V4,Software,11,600,6600,1819.85,4780.15,2626.22
2026-01-20,TXN-359214,Enterprise Server Suite,Electronics,2,1200,2400,99.73,2300.27,1280.42
2026-06-08,TXN-272502,Enterprise Server Suite,Electronics,5,1200,6000,1045.39,4954.61,2592.0499999999997
2026-07-04,TXN-488043,AI Analytics API Token,SaaS,16,250,4000,383.48,3616.52,2128.06
2026-06-01,TXN-423673,Workstation Pro Setup,Electronics,5,850,4250,235.77,4014.23,2257.51
2026-05-16,TXN-644447,Cloud Workspace Pro,SaaS,32,45,1440,16.79,1423.21,576.57
2026-06-04,TXN-790907,Enterprise Server Suite,Electronics,9,1200,10800,835.72,9964.28,4356.790000000001
2026-08-28,TXN-498929,Cybersecurity Firewall V4,Software,13,600,7800,2131.57,5668.43,2468.5600000000004
2026-04-25,TXN-517009,Cybersecurity Firewall V4,Software,9,600,5400,677.55,4722.45,1952.52
2026-04-19,TXN-724785,Cybersecurity Firewall V4,Software,7,600,4200,518.18,3681.82,1636.4900000000002
2026-08-12,TXN-906741,Enterprise Server Suite,Electronics,11,1200,13200,1960.63,11239.369999999999,5887.429999999999
2026-02-28,TXN-370846,AI Analytics API Token,SaaS,17,250,4250,26.99,4223.01,2502.71
2026-05-09,TXN-984574,Cybersecurity Firewall V4,Software,7,600,4200,1089.55,3110.45,1360.5699999999997
2026-05-13,TXN-263273,AI Analytics API Token,SaaS,27,250,6750,519.07,6230.93,2561.2000000000003
2026-03-24,TXN-931538,Enterprise Server Suite,Electronics,5,1200,6000,675.82,5324.18,3056.9700000000003
2026-06-22,TXN-994751,Cybersecurity Firewall V4,Software,4,600,2400,164.62,2235.38,1040.93
2026-02-03,TXN-686165,Workstation Pro Setup,Electronics,8,850,6800,30.17,6769.83,3387.4
2026-04-28,TXN-225917,AI Analytics API Token,SaaS,16,250,4000,326.55,3673.45,1492.9099999999999
2026-08-10,TXN-144238,AI Analytics API Token,SaaS,21,250,5250,70.36,5179.64,3077.9700000000003
2026-08-17,TXN-705605,Cybersecurity Firewall V4,Software,14,600,8400,1774.28,6625.72,3693.2200000000003
2026-07-11,TXN-762301,Workstation Pro Setup,Electronics,2,850,1700,119.2,1580.8,761.9699999999999
2026-03-20,TXN-983671,AI Analytics API Token,SaaS,38,250,9500,330.84,9169.16,4558.93
2026-03-20,TXN-347940,Workstation Pro Setup,Electronics,14,850,11900,1480.57,10419.43,4454.59
2026-01-29,TXN-906395,Workstation Pro Setup,Electronics,10,850,8500,1575.2,6924.8,3473.32
2026-03-25,TXN-728861,Cybersecurity Firewall V4,Software,2,600,1200,223.49,976.51,518.06
2026-08-23,TXN-598870,AI Analytics API Token,SaaS,15,250,3750,28.45,3721.55,2137.0
2026-03-21,TXN-994647,AI Analytics API Token,SaaS,20,250,5000,320.44,4679.56,2637.51
2026-01-25,TXN-962129,AI Analytics API Token,SaaS,36,250,9000,426.57,8573.43,3999.41
2026-03-02,TXN-989513,Cloud Workspace Pro,SaaS,23,45,1035,127.58,907.42,481.83
2026-03-02,TXN-249849,Cybersecurity Firewall V4,Software,6,600,3600,130.29,3469.71,1762.07
2026-02-15,TXN-123321,Cloud Workspace Pro,SaaS,18,45,810,40.11,769.89,412.41999999999996
2026-02-16,TXN-480975,Enterprise Server Suite,Electronics,6,1200,7200,147.17,7052.83,2999.46
2026-03-02,TXN-572930,Enterprise Server Suite,Electronics,10,1200,12000,2604.9,9395.1,5478.25
2026-06-29,TXN-772108,Cloud Workspace Pro,SaaS,32,45,1440,79.69,1360.31,690.3499999999999
2026-06-03,TXN-548874,AI Analytics API Token,SaaS,11,250,2750,188.97,2561.03,1104.0900000000001
2026-08-27,TXN-921106,Workstation Pro Setup,Electronics,13,850,11050,1916.55,9133.45,4833.150000000001
2026-01-15,TXN-347736,Enterprise Server Suite,Electronics,7,1200,8400,792.3,7607.7,4534.08
2026-01-17,TXN-499384,Cloud Workspace Pro,SaaS,48,45,2160,75.56,2084.44,1107.7
2026-03-09,TXN-126069,Cloud Workspace Pro,SaaS,7,45,315,30.66,284.34,143.32999999999998
2026-02-03,TXN-294053,Enterprise Server Suite,Electronics,12,1200,14400,459.29,13940.71,7573.219999999999
2026-06-29,TXN-212581,Cloud Workspace Pro,SaaS,38,45,1710,62.68,1647.32,824.2399999999999
2026-08-17,TXN-625893,Enterprise Server Suite,Electronics,1,1200,1200,2.26,1197.74,664.67
2026-04-22,TXN-244990,Workstation Pro Setup,Electronics,14,850,11900,444.03,11455.97,6220.369999999999
2026-06-01,TXN-890756,Enterprise Server Suite,Electronics,7,1200,8400,108.43,8291.57,4944.69
2026-02-05,TXN-862501,Cloud Workspace Pro,SaaS,24,45,1080,157.05,922.95,394.01
2026-04-28,TXN-859224,Enterprise Server Suite,Electronics,14,1200,16800,717.73,16082.27,7498.700000000001
2026-07-13,TXN-237541,AI Analytics API Token,SaaS,12,250,3000,142.99,2857.01,1235.0400000000002
2026-06-03,TXN-335659,Workstation Pro Setup,Electronics,3,850,2550,101.75,2448.25,1108.45
2026-02-16,TXN-101917,Enterprise Server Suite,Electronics,10,1200,12000,2303.34,9696.66,5648.71
2026-05-19,TXN-866641,Workstation Pro Setup,Electronics,13,850,11050,1177.02,9872.98,5821.459999999999
2026-01-10,TXN-105287,Cybersecurity Firewall V4,Software,7,600,4200,691.64,3508.36,1963.47
2026-05-10,TXN-872042,Workstation Pro Setup,Electronics,1,850,850,23.6,826.4,495.39
2026-05-23,TXN-636507,AI Analytics API Token,SaaS,34,250,8500,90.69,8409.31,3614.7799999999997
2026-08-24,TXN-820801,Cloud Workspace Pro,SaaS,18,45,810,113.35,696.65,279.91999999999996
2026-03-17,TXN-237023,AI Analytics API Token,SaaS,39,250,9750,903.29,8846.71,4031.2699999999995
2026-04-03,TXN-879554,AI Analytics API Token,SaaS,45,250,11250,844.31,10405.69,4579.47
2026-08-01,TXN-749789,Cybersecurity Firewall V4,Software,5,600,3000,212.12,2787.88,1319.3600000000001
2026-05-12,TXN-290279,Enterprise Server Suite,Electronics,13,1200,15600,2294.4,13305.6,6165.860000000001
2026-02-08,TXN-502400,AI Analytics API Token,SaaS,42,250,10500,566.77,9933.23,5088.3099999999995
2026-06-02,TXN-192263,Enterprise Server Suite,Electronics,1,1200,1200,117.44,1082.56,534.38
2026-06-28,TXN-910951,AI Analytics API Token,SaaS,10,250,2500,234.96,2265.04,1074.67
2026-02-11,TXN-756282,Workstation Pro Setup,Electronics,13,850,11050,1094.89,9955.11,4496.8
2026-06-13,TXN-132154,Cybersecurity Firewall V4,Software,6,600,3600,812.6,2787.4,1278.3100000000002
2026-07-02,TXN-465060,Enterprise Server Suite,Electronics,14,1200,16800,859.09,15940.91,7287.98
2026-05-03,TXN-784846,Cloud Workspace Pro,SaaS,37,45,1665,25.7,1639.3,807.6899999999999
2026-08-16,TXN-382247,Cybersecurity Firewall V4,Software,8,600,4800,869.7,3930.3,1963.3500000000001
2026-01-05,TXN-247550,Cybersecurity Firewall V4,Software,4,600,2400,520.02,1879.98,857.26
2026-04-25,TXN-695603,AI Analytics API Token,SaaS,40,250,10000,542.72,9457.28,5198.1
2026-01-11,TXN-494030,Cloud Workspace Pro,SaaS,44,45,1980,173.27,1806.73,939.19
2026-03-31,TXN-996209,AI Analytics API Token,SaaS,16,250,4000,364.74,3635.26,2080.01
2026-08-05,TXN-923651,Enterprise Server Suite,Electronics,8,1200,9600,2093.1,7506.9,3104.6799999999994
2026-08-28,TXN-938761,Workstation Pro Setup,Electronics,5,850,4250,784.12,3465.88,1589.2900000000002
2026-04-02,TXN-275399,Cloud Workspace Pro,SaaS,13,45,585,37.22,547.78,247.98999999999995
2026-02-10,TXN-232717,AI Analytics API Token,SaaS,27,250,6750,82.9,6667.1,3685.7000000000003
2026-06-13,TXN-430388,Enterprise Server Suite,Electronics,1,1200,1200,260.97,939.03,465.97999999999996
2026-06-24,TXN-984377,Enterprise Server Suite,Electronics,5,1200,6000,502.8,5497.2,2415.6299999999997
2026-06-18,TXN-632358,AI Analytics API Token,SaaS,29,250,7250,626.05,6623.95,2751.64
2026-07-29,TXN-666202,AI Analytics API Token,SaaS,38,250,9500,872.53,8627.47,4163.499999999999
2026-04-18,TXN-906388,AI Analytics API Token,SaaS,28,250,7000,404.34,6595.66,3739.06
2026-03-29,TXN-643385,Enterprise Server Suite,Electronics,1,1200,1200,234.15,965.85,525.8900000000001
2026-06-05,TXN-119816,Cloud Workspace Pro,SaaS,25,45,1125,86.94,1038.06,420.29999999999995
2026-06-26,TXN-687111,Workstation Pro Setup,Electronics,6,850,5100,877.84,4222.16,2081.47
2026-02-18,TXN-551282,Enterprise Server Suite,Electronics,13,1200,15600,1549.54,14050.46,7230.959999999999
2026-03-03,TXN-717895,Cybersecurity Firewall V4,Software,1,600,600,6.58,593.42,300.03
2026-01-19,TXN-237717,Cloud Workspace Pro,SaaS,5,45,225,26.17,198.82999999999998,101.26999999999998
2026-08-08,TXN-951587,Enterprise Server Suite,Electronics,2,1200,2400,298.21,2101.79,939.3499999999999
2026-05-09,TXN-962061,Cybersecurity Firewall V4,Software,7,600,4200,1192.11,3007.8900000000003,1580.1600000000003
2026-06-11,TXN-752465,Workstation Pro Setup,Electronics,1,850,850,4.32,845.68,480.99999999999994
2026-05-15,TXN-605815,Cybersecurity Firewall V4,Software,8,600,4800,39.02,4760.98,2645.2299999999996
2026-08-03,TXN-434402,AI Analytics API Token,SaaS,12,250,3000,31.23,2968.77,1306.31
2026-02-20,TXN-134911,Enterprise Server Suite,Electronics,12,1200,14400,857.46,13542.54,7856.1900000000005
2026-03-29,TXN-745588,AI Analytics API Token,SaaS,20,250,5000,198.59,4801.41,2239.2999999999997
2026-05-22,TXN-808754,Cloud Workspace Pro,SaaS,11,45,495,47.02,447.98,202.85000000000002
2026-04-22,TXN-501921,Cybersecurity Firewall V4,Software,3,600,1800,314.84,1485.16,765.9200000000001
2026-05-09,TXN-194914,Cybersecurity Firewall V4,Software,4,600,2400,241.82,2158.18,938.7599999999998
2026-08-03,TXN-294269,Workstation Pro Setup,Electronics,4,850,3400,424.42,2975.58,1541.6999999999998
2026-05-17,TXN-356713,Cloud Workspace Pro,SaaS,48,45,2160,71.12,2088.88,846.19
2026-06-07,TXN-135954,AI Analytics API Token,SaaS,27,250,6750,539.9,6210.1,3197.9400000000005
2026-07-28,TXN-123752,Enterprise Server Suite,Electronics,8,1200,9600,1677.23,7922.77,4115.800000000001
2026-01-22,TXN-356609,AI Analytics API Token,SaaS,8,250,2000,26.46,1973.54,828.6599999999999
2026-08-03,TXN-585417,Cybersecurity Firewall V4,Software,11,600,6600,1628.72,4971.28,2456.1499999999996
2026-04-10,TXN-746117,Enterprise Server Suite,Electronics,6,1200,7200,120.92,7079.08,3673.69
2026-05-02,TXN-151226,Workstation Pro Setup,Electronics,7,850,5950,126.83,5823.17,3330.83
2026-02-26,TXN-672212,AI Analytics API Token,SaaS,44,250,11000,275.8,10724.2,5076.630000000001
2026-07-18,TXN-784733,Cloud Workspace Pro,SaaS,49,45,2205,277.2,1927.8,1000.77
2026-05-02,TXN-677564,Cloud Workspace Pro,SaaS,47,45,2115,58.49,2056.51,1196.7500000000002
2026-05-29,TXN-517978,AI Analytics API Token,SaaS,44,250,11000,480.91,10519.09,4385.38
2026-02-08,TXN-745188,AI Analytics API Token,SaaS,38,250,9500,376.82,9123.18,3733.05
2026-02-25,TXN-560514,Enterprise Server Suite,Electronics,10,1200,12000,93.55,11906.45,6519.340000000001
2026-08-23,TXN-278376,Enterprise Server Suite,Electronics,14,1200,16800,4011.99,12788.01,7277.22
2026-06-03,TXN-658296,Cloud Workspace Pro,SaaS,13,45,585,6.59,578.41,262.80999999999995
2026-03-02,TXN-145186,AI Analytics API Token,SaaS,44,250,11000,478.31,10521.69,5794.500000000001
2026-08-17,TXN-385195,Workstation Pro Setup,Electronics,12,850,10200,1974.11,8225.89,4926.889999999999
2026-01-19,TXN-280553,Cybersecurity Firewall V4,Software,12,600,7200,1744.05,5455.95,2223.74
2026-02-26,TXN-302503,Enterprise Server Suite,Electronics,12,1200,14400,1950.84,12449.16,5296.01
2026-08-11,TXN-420197,Cybersecurity Firewall V4,Software,1,600,600,118.58,481.42,222.2
2026-07-19,TXN-611897,Enterprise Server Suite,Electronics,2,1200,2400,293.65,2106.35,1170.62
2026-08-21,TXN-956774,Cybersecurity Firewall V4,Software,10,600,6000,70.97,5929.03,2720.74
2026-05-25,TXN-792558,Cloud Workspace Pro,SaaS,25,45,1125,79.85,1045.15,561.69
2026-04-27,TXN-850294,Enterprise Server Suite,Electronics,3,1200,3600,831.96,2768.04,1123.24
2026-08-09,TXN-137265,Cloud Workspace Pro,SaaS,35,45,1575,203.66,1371.34,591.17
2026-07-06,TXN-221826,Cloud Workspace Pro,SaaS,43,45,1935,10.74,1924.26,925.08
2026-04-18,TXN-234055,Workstation Pro Setup,Electronics,13,850,11050,170.07,10879.93,5012.84
2026-08-06,TXN-941052,Workstation Pro Setup,Electronics,7,850,5950,375.2,5574.8,2743.3700000000003
2026-08-02,TXN-703561,Enterprise Server Suite,Electronics,13,1200,15600,2440.98,13159.02,5563.6900000000005
2026-04-18,TXN-915862,Cloud Workspace Pro,SaaS,39,45,1755,229.05,1525.95,909.08
2026-01-13,TXN-664262,Cybersecurity Firewall V4,Software,2,600,1200,338.06,861.94,379.46000000000004
2026-02-15,TXN-698260,Workstation Pro Setup,Electronics,13,850,11050,1695.49,9354.51,4860.7300000000005
2026-08-24,TXN-729661,Enterprise Server Suite,Electronics,8,1200,9600,652.05,8947.95,4656.000000000001
2026-06-02,TXN-209996,Workstation Pro Setup,Electronics,5,850,4250,622.43,3627.57,2174.11
2026-05-22,TXN-813135,Cloud Workspace Pro,SaaS,8,45,360,38.64,321.36,154.95000000000002
2026-07-12,TXN-222744,Cybersecurity Firewall V4,Software,14,600,8400,113.65,8286.35,4790.39
2026-03-29,TXN-931460,Workstation Pro Setup,Electronics,12,850,10200,1951.09,8248.91,3632.84
2026-06-20,TXN-599722,Workstation Pro Setup,Electronics,6,850,5100,1001.98,4098.02,1734.1200000000003
2026-03-03,TXN-550195,Cybersecurity Firewall V4,Software,2,600,1200,60.13,1139.87,457.9599999999999
2026-04-03,TXN-161665,Cybersecurity Firewall V4,Software,3,600,1800,276.85,1523.15,843.6200000000001
2026-02-26,TXN-218533,Cloud Workspace Pro,SaaS,45,45,2025,56.63,1968.37,874.1199999999999
2026-01-05,TXN-176898,Cybersecurity Firewall V4,Software,6,600,3600,1046.63,2553.37,1080.6999999999998
2026-01-20,TXN-474999,Cloud Workspace Pro,SaaS,46,45,2070,159.98,1910.02,958.38
2026-01-03,TXN-946936,AI Analytics API Token,SaaS,42,250,10500,654.08,9845.92,4434.86
2026-03-14,TXN-342615,Workstation Pro Setup,Electronics,14,850,11900,2047.1,9852.9,5010.33
2026-03-08,TXN-713089,AI Analytics API Token,SaaS,32,250,8000,381.34,7618.66,4503.58
2026-03-17,TXN-551978,Cloud Workspace Pro,SaaS,13,45,585,28.87,556.13,230.06
2026-07-06,TXN-777114,Cloud Workspace Pro,SaaS,28,45,1260,47.75,1212.25,726.12
2026-05-13,TXN-758380,Cloud Workspace Pro,SaaS,22,45,990,12.04,977.96,543.71
2026-01-28,TXN-606079,Cybersecurity Firewall V4,Software,13,600,7800,1991.82,5808.18,2909.7300000000005
2026-03-03,TXN-261633,Cybersecurity Firewall V4,Software,3,600,1800,445.33,1354.67,718.57
2026-02-09,TXN-369458,AI Analytics API Token,SaaS,17,250,4250,113.49,4136.51,1755.0100000000002
2026-03-21,TXN-205228,Workstation Pro Setup,Electronics,1,850,850,26.75,823.25,467.54
2026-04-17,TXN-169274,Cybersecurity Firewall V4,Software,9,600,5400,1506.75,3893.25,2253.54
2026-06-15,TXN-692632,Workstation Pro Setup,Electronics,7,850,5950,1049.15,4900.85,1998.2600000000002
2026-01-31,TXN-142534,Cloud Workspace Pro,SaaS,14,45,630,77.48,552.52,306.25
2026-06-08,TXN-715947,Cloud Workspace Pro,SaaS,40,45,1800,150.17,1649.83,740.2299999999999
2026-02-08,TXN-228232,Cloud Workspace Pro,SaaS,36,45,1620,20.44,1599.56,855.31
2026-01-17,TXN-700530,Cloud Workspace Pro,SaaS,28,45,1260,154.73,1105.27,634.77
2026-06-07,TXN-329947,Cloud Workspace Pro,SaaS,45,45,2025,292.51,1732.49,921.04
2026-03-20,TXN-538755,Cybersecurity Firewall V4,Software,13,600,7800,1845.81,5954.1900000000005,3365.6000000000004
2026-03-09,TXN-895509,AI Analytics API Token,SaaS,21,250,5250,404.77,4845.23,2220.4999999999995
2026-07-12,TXN-649148,Cloud Workspace Pro,SaaS,22,45,990,129.42,860.58,348.79
2026-07-23,TXN-842406,Workstation Pro Setup,Electronics,11,850,9350,243.26,9106.74,4082.9799999999996
2026-01-29,TXN-717394,AI Analytics API Token,SaaS,37,250,9250,299.34,8950.66,4495.66
2026-07-22,TXN-332732,Cloud Workspace Pro,SaaS,27,45,1215,81.27,1133.73,618.19
2026-01-04,TXN-666134,Enterprise Server Suite,Electronics,3,1200,3600,406.25,3193.75,1811.74
2026-01-29,TXN-440941,Cybersecurity Firewall V4,Software,11,600,6600,437.12,6162.88,3596.19
2026-03-25,TXN-324695,AI Analytics API Token,SaaS,31,250,7750,672.74,7077.26,2882.9400000000005
2026-04-02,TXN-808691,Cybersecurity Firewall V4,Software,5,600,3000,818.57,2181.43,934.7999999999997
2026-01-06,TXN-341531,AI Analytics API Token,SaaS,9,250,2250,221.39,2028.6100000000001,1051.0900000000001
2026-06-15,TXN-607403,Cloud Workspace Pro,SaaS,39,45,1755,8.2,1746.8,820.41
2026-01-18,TXN-529660,Workstation Pro Setup,Electronics,11,850,9350,1810.52,7539.48,4243.929999999999
2026-02-22,TXN-338260,AI Analytics API Token,SaaS,11,250,2750,172.21,2577.79,1479.01
2026-01-24,TXN-430904,Workstation Pro Setup,Electronics,10,850,8500,1048.31,7451.6900000000005,3283.9000000000005
2026-08-10,TXN-466245,Enterprise Server Suite,Electronics,14,1200,16800,2879.37,13920.630000000001,7154.350000000001
2026-06-25,TXN-935700,Enterprise Server Suite,Electronics,12,1200,14400,231.15,14168.85,6852.14
2026-05-10,TXN-257661,AI Analytics API Token,SaaS,17,250,4250,63.57,4186.43,2122.86
2026-03-05,TXN-164288,Cloud Workspace Pro,SaaS,35,45,1575,170.55,1404.45,658.13
2026-04-12,TXN-830664,Enterprise Server Suite,Electronics,8,1200,9600,1738.28,7861.72,3539.09
2026-05-25,TXN-867285,Workstation Pro Setup,Electronics,9,850,7650,873.48,6776.52,4041.0200000000004
2026-03-27,TXN-423825,Workstation Pro Setup,Electronics,4,850,3400,235.29,3164.71,1407.79
2026-04-07,TXN-319724,Cloud Workspace Pro,SaaS,37,45,1665,21.94,1643.06,870.6199999999999
2026-04-26,TXN-853753,Cloud Workspace Pro,SaaS,26,45,1170,56.53,1113.47,450.4100000000001
2026-06-23,TXN-424912,Cloud Workspace Pro,SaaS,19,45,855,25.67,829.33,469.82000000000005
2026-04-14,TXN-742120,AI Analytics API Token,SaaS,7,250,1750,156.84,1593.16,766.3800000000001
2026-04-13,TXN-359931,Enterprise Server Suite,Electronics,2,1200,2400,561.12,1838.88,754.9200000000001
2026-03-03,TXN-854122,Workstation Pro Setup,Electronics,14,850,11900,1457.17,10442.83,5254.0
2026-03-25,TXN-198818,Workstation Pro Setup,Electronics,6,850,5100,833.64,4266.36,2173.87
2026-05-07,TXN-311957,Enterprise Server Suite,Electronics,12,1200,14400,2633.72,11766.28,6867.670000000001
2026-01-12,TXN-787250,Workstation Pro Setup,Electronics,13,850,11050,1059.21,9990.79,4764.120000000001
2026-02-24,TXN-170326,Workstation Pro Setup,Electronics,13,850,11050,402.48,10647.52,4706.85
2026-02-01,TXN-887093,AI Analytics API Token,SaaS,48,250,12000,666.44,11333.56,5169.91
2026-02-06,TXN-325314,Enterprise Server Suite,Electronics,11,1200,13200,2146.07,11053.93,6191.21
2026-07-08,TXN-619984,Cybersecurity Firewall V4,Software,6,600,3600,33.1,3566.9,1956.3100000000002
2026-04-04,TXN-912395,Cybersecurity Firewall V4,Software,10,600,6000,1336.87,4663.13,2401.05
2026-05-06,TXN-366847,Workstation Pro Setup,Electronics,12,850,10200,81.82,10118.18,4316.35
2026-04-15,TXN-667873,Workstation Pro Setup,Electronics,10,850,8500,1232.94,7267.0599999999995,3652.9099999999994
2026-03-20,TXN-379922,Cloud Workspace Pro,SaaS,40,45,1800,113.86,1686.14,918.3300000000002
2026-07-05,TXN-360116,Cybersecurity Firewall V4,Software,12,600,7200,829.11,6370.89,3229.01
2026-05-23,TXN-309373,Enterprise Server Suite,Electronics,3,1200,3600,698.4,2901.6,1505.75
2026-03-28,TXN-913348,Cloud Workspace Pro,SaaS,48,45,2160,120.8,2039.2,1014.46
2026-03-10,TXN-722605,Cybersecurity Firewall V4,Software,9,600,5400,400.51,4999.49,2129.0299999999997
2026-08-19,TXN-685560,Enterprise Server Suite,Electronics,4,1200,4800,711.54,4088.46,2319.36
2026-01-28,TXN-252999,Cloud Workspace Pro,SaaS,39,45,1755,172.89,1582.1100000000001,846.3700000000001
2026-07-23,TXN-807593,Workstation Pro Setup,Electronics,13,850,11050,523.83,10526.17,5821.66
2026-07-14,TXN-869299,Cloud Workspace Pro,SaaS,33,45,1485,75.07,1409.93,612.22
2026-01-08,TXN-695923,AI Analytics API Token,SaaS,16,250,4000,282.71,3717.29,2106.19
2026-01-28,TXN-192324,Enterprise Server Suite,Electronics,11,1200,13200,2430.13,10769.869999999999,5032.0999999999985
2026-02-18,TXN-560494,Enterprise Server Suite,Electronics,8,1200,9600,1933.61,7666.39,3702.32
2026-05-14,TXN-967969,Workstation Pro Setup,Electronics,11,850,9350,209.29,9140.71,4991.289999999999
2026-07-20,TXN-494274,Cybersecurity Firewall V4,Software,4,600,2400,37.22,2362.78,1115.2300000000002
2026-07-17,TXN-950610,Cybersecurity Firewall V4,Software,5,600,3000,79.7,2920.3,1691.8400000000001
2026-07-25,TXN-859034,Workstation Pro Setup,Electronics,10,850,8500,675.54,7824.46,3943.69
2026-02-12,TXN-744318,Cloud Workspace Pro,SaaS,29,45,1305,125.11,1179.89,503.1200000000001
2026-07-03,TXN-909343,AI Analytics API Token,SaaS,27,250,6750,450.13,6299.87,3603.97
2026-05-06,TXN-497686,Cybersecurity Firewall V4,Software,4,600,2400,507.37,1892.63,1059.17
2026-01-08,TXN-730111,Cloud Workspace Pro,SaaS,25,45,1125,15.85,1109.15,516.2900000000001
2026-04-12,TXN-596758,Cybersecurity Firewall V4,Software,6,600,3600,275.73,3324.27,1554.67
2026-08-06,TXN-386233,AI Analytics API Token,SaaS,14,250,3500,6.13,3493.87,1925.7199999999998
2026-05-16,TXN-201376,Enterprise Server Suite,Electronics,12,1200,14400,407.2,13992.8,6169.4
2026-05-27,TXN-562785,Cybersecurity Firewall V4,Software,5,600,3000,519.47,2480.5299999999997,1315.3899999999996
2026-07-11,TXN-782568,Enterprise Server Suite,Electronics,1,1200,1200,122.07,1077.93,459.0400000000001
2026-03-18,TXN-653453,Enterprise Server Suite,Electronics,11,1200,13200,2899.1,10300.9,5347.94
2026-05-12,TXN-345014,AI Analytics API Token,SaaS,10,250,2500,225.34,2274.66,965.4199999999998
2026-03-24,TXN-739430,Cybersecurity Firewall V4,Software,11,600,6600,743.83,5856.17,3166.0
2026-03-30,TXN-764468,Cybersecurity Firewall V4,Software,1,600,600,65.96,534.04,278.10999999999996
2026-05-27,TXN-980112,Workstation Pro Setup,Electronics,13,850,11050,991.61,10058.39,5557.169999999999
2026-02-04,TXN-553449,Workstation Pro Setup,Electronics,6,850,5100,74.66,5025.34,2408.7000000000003
2026-07-13,TXN-864357,Enterprise Server Suite,Electronics,3,1200,3600,488.13,3111.87,1274.9499999999998
2026-06-05,TXN-706177,Cybersecurity Firewall V4,Software,13,600,7800,798.52,7001.48,3668.4999999999995
2026-02-17,TXN-520182,Cybersecurity Firewall V4,Software,12,600,7200,1029.66,6170.34,3215.53
2026-03-11,TXN-950538,Cloud Workspace Pro,SaaS,48,45,2160,309.59,1850.41,1103.5
2026-03-21,TXN-923346,Cybersecurity Firewall V4,Software,12,600,7200,2062.07,5137.93,2410.0000000000005
2026-01-15,TXN-408557,Workstation Pro Setup,Electronics,5,850,4250,407.31,3842.69,2156.09
2026-05-05,TXN-303502,Workstation Pro Setup,Electronics,5,850,4250,242.14,4007.86,2158.4
2026-06-05,TXN-470321,AI Analytics API Token,SaaS,12,250,3000,93.39,2906.61,1389.17
2026-01-02,TXN-854950,Enterprise Server Suite,Electronics,13,1200,15600,1612.84,13987.16,8051.33
2026-04-05,TXN-582238,Workstation Pro Setup,Electronics,10,850,8500,1359.63,7140.37,4020.62
2026-02-25,TXN-732259,Enterprise Server Suite,Electronics,10,1200,12000,555.69,11444.31,4765.98
2026-04-28,TXN-712492,Enterprise Server Suite,Electronics,12,1200,14400,156.29,14243.71,6742.539999999999
2026-04-29,TXN-621998,Cybersecurity Firewall V4,Software,6,600,3600,641.02,2958.98,1305.65
2026-01-10,TXN-332601,Cloud Workspace Pro,SaaS,46,45,2070,279.46,1790.54,947.76
2026-04-01,TXN-762587,Cybersecurity Firewall V4,Software,4,600,2400,197.86,2202.14,958.9799999999998
2026-06-16,TXN-561792,Cloud Workspace Pro,SaaS,29,45,1305,18.7,1286.3,611.29
2026-07-02,TXN-117633,Cloud Workspace Pro,SaaS,9,45,405,10.21,394.79,178.69000000000003
2026-06-10,TXN-192578,Cybersecurity Firewall V4,Software,1,600,600,32.12,567.88,305.26
2026-08-08,TXN-551000,AI Analytics API Token,SaaS,14,250,3500,89.91,3410.09,1615.0100000000002
2026-06-02,TXN-486601,Cloud Workspace Pro,SaaS,39,45,1755,157.17,1597.83,742.7199999999999
2026-04-28,TXN-209847,Cybersecurity Firewall V4,Software,7,600,4200,912.89,3287.11,1961.8600000000001
2026-07-07,TXN-794892,AI Analytics API Token,SaaS,8,250,2000,144.87,1855.13,898.4800000000001
2026-08-26,TXN-378600,Workstation Pro Setup,Electronics,8,850,6800,877.59,5922.41,2847.79
2026-05-16,TXN-216492,Enterprise Server Suite,Electronics,11,1200,13200,1133.75,12066.25,5750.4
2026-02-18,TXN-235327,Workstation Pro Setup,Electronics,2,850,1700,227.66,1472.34,862.81
2026-05-29,TXN-698357,Cloud Workspace Pro,SaaS,7,45,315,25.18,289.82,155.09
2026-03-11,TXN-611778,Cloud Workspace Pro,SaaS,27,45,1215,68.98,1146.02,604.42
2026-04-08,TXN-142828,Workstation Pro Setup,Electronics,8,850,6800,789.45,6010.55,3499.6200000000003
2026-08-09,TXN-854296,Enterprise Server Suite,Electronics,7,1200,8400,1125.24,7274.76,4224.200000000001
2026-02-24,TXN-241826,Workstation Pro Setup,Electronics,1,850,850,51.15,798.85,322.54
2026-05-24,TXN-322724,Cybersecurity Firewall V4,Software,7,600,4200,503.14,3696.86,2105.42
2026-07-31,TXN-317029,Workstation Pro Setup,Electronics,1,850,850,143.15,706.85,350.46000000000004
2026-05-30,TXN-700847,Cloud Workspace Pro,SaaS,12,45,540,61.18,478.82,275.06
2026-07-23,TXN-367926,Workstation Pro Setup,Electronics,2,850,1700,21.46,1678.54,967.63
2026-04-24,TXN-278936,Cybersecurity Firewall V4,Software,2,600,1200,137.13,1062.87,564.0999999999999
2026-07-20,TXN-118073,Enterprise Server Suite,Electronics,11,1200,13200,2723.44,10476.56,5699.87
2026-07-15,TXN-826331,Cloud Workspace Pro,SaaS,10,45,450,62.06,387.94,194.21
2026-04-11,TXN-880965,Workstation Pro Setup,Electronics,10,850,8500,851.96,7648.04,3981.3
2026-03-23,TXN-173861,Cybersecurity Firewall V4,Software,3,600,1800,364.12,1435.88,708.6100000000001
2026-03-08,TXN-893153,Workstation Pro Setup,Electronics,14,850,11900,192.59,11707.41,6080.88
2026-04-01,TXN-542111,Cloud Workspace Pro,SaaS,39,45,1755,91.11,1663.89,673.6700000000001
2026-01-10,TXN-743235,Enterprise Server Suite,Electronics,2,1200,2400,79.51,2320.49,992.2299999999998
2026-04-05,TXN-738387,Enterprise Server Suite,Electronics,14,1200,16800,3772.7,13027.3,5655.589999999999
2026-05-11,TXN-872577,AI Analytics API Token,SaaS,45,250,11250,928.35,10321.65,4817.509999999999
2026-05-16,TXN-664396,Cybersecurity Firewall V4,Software,2,600,1200,182.2,1017.8,563.3399999999999
2026-07-07,TXN-351537,Workstation Pro Setup,Electronics,12,850,10200,636.1,9563.9,4770.2
2026-08-09,TXN-160545,Workstation Pro Setup,Electronics,6,850,5100,0.34,5099.66,3041.7599999999998
2026-03-01,TXN-459177,AI Analytics API Token,SaaS,35,250,8750,53.68,8696.32,3859.84
2026-03-30,TXN-256104,Cloud Workspace Pro,SaaS,15,45,675,76.37,598.63,285.01
2026-08-03,TXN-325469,AI Analytics API Token,SaaS,13,250,3250,46.23,3203.77,1844.48
2026-08-26,TXN-721827,AI Analytics API Token,SaaS,11,250,2750,190.34,2559.66,1503.9099999999999
2026-01-04,TXN-600531,Enterprise Server Suite,Electronics,5,1200,6000,922.83,5077.17,2735.32
2026-06-13,TXN-656659,Workstation Pro Setup,Electronics,6,850,5100,434.61,4665.39,2677.2700000000004
2026-07-10,TXN-724141,Cybersecurity Firewall V4,Software,3,600,1800,198.59,1601.41,828.21
2026-07-18,TXN-694305,Cybersecurity Firewall V4,Software,13,600,7800,1800.17,5999.83,3586.66
2026-03-03,TXN-254249,AI Analytics API Token,SaaS,25,250,6250,12.0,6238.0,3418.66
2026-08-03,TXN-421497,Cloud Workspace Pro,SaaS,43,45,1935,179.65,1755.35,939.6399999999999
2026-08-25,TXN-362307,Cybersecurity Firewall V4,Software,5,600,3000,721.38,2278.62,929.8699999999999
2026-07-28,TXN-882518,AI Analytics API Token,SaaS,15,250,3750,170.39,3579.61,1543.2700000000002
2026-04-27,TXN-526577,Cloud Workspace Pro,SaaS,8,45,360,46.69,313.31,172.73
2026-08-20,TXN-356553,AI Analytics API Token,SaaS,45,250,11250,690.84,10559.16,4520.24
2026-01-21,TXN-103191,Cloud Workspace Pro,SaaS,17,45,765,15.28,749.72,434.52000000000004
2026-05-17,TXN-404224,Enterprise Server Suite,Electronics,1,1200,1200,242.67,957.33,559.77
2026-01-10,TXN-848321,Cloud Workspace Pro,SaaS,44,45,1980,137.06,1842.94,870.9000000000001
2026-01-08,TXN-107099,AI Analytics API Token,SaaS,26,250,6500,413.84,6086.16,2904.3999999999996
2026-03-28,TXN-777974,Cybersecurity Firewall V4,Software,3,600,1800,57.07,1742.93,701.26
2026-04-11,TXN-369932,Cybersecurity Firewall V4,Software,8,600,4800,122.1,4677.9,2136.5599999999995
2026-06-28,TXN-718727,AI Analytics API Token,SaaS,28,250,7000,24.9,6975.1,3475.5800000000004
2026-02-27,TXN-749714,Workstation Pro Setup,Electronics,11,850,9350,1815.3,7534.7,3100.8099999999995
2026-01-28,TXN-569511,AI Analytics API Token,SaaS,47,250,11750,484.25,11265.75,5521.08
2026-03-05,TXN-248702,Cloud Workspace Pro,SaaS,42,45,1890,23.42,1866.58,927.8199999999999
2026-05-16,TXN-308432,Enterprise Server Suite,Electronics,9,1200,10800,1031.24,9768.76,5459.39
2026-02-05,TXN-972637,Workstation Pro Setup,Electronics,14,850,11900,164.83,11735.17,4788.36
2026-04-24,TXN-903585,Cloud Workspace Pro,SaaS,25,45,1125,21.13,1103.87,557.5999999999999
2026-04-28,TXN-291775,Cybersecurity Firewall V4,Software,5,600,3000,828.27,2171.73,1076.84
2026-05-04,TXN-713777,Cloud Workspace Pro,SaaS,15,45,675,4.43,670.57,387.4800000000001
2026-07-02,TXN-729720,Enterprise Server Suite,Electronics,9,1200,10800,1015.18,9784.82,4794.38
2026-04-24,TXN-951378,Workstation Pro Setup,Electronics,14,850,11900,2209.4,9690.6,4504.2300000000005
2026-06-23,TXN-220029,Enterprise Server Suite,Electronics,8,1200,9600,2381.8,7218.2,3361.58
2026-04-29,TXN-783404,Enterprise Server Suite,Electronics,12,1200,14400,3308.14,11091.86,6095.55
2026-05-29,TXN-289784,Workstation Pro Setup,Electronics,11,850,9350,598.51,8751.49,3932.59
2026-01-22,TXN-743534,Workstation Pro Setup,Electronics,13,850,11050,1608.76,9441.24,5460.92
2026-06-29,TXN-522955,AI Analytics API Token,SaaS,35,250,8750,427.34,8322.66,4742.79
2026-07-24,TXN-895326,AI Analytics API Token,SaaS,41,250,10250,605.11,9644.89,4806.32
2026-04-28,TXN-361486,AI Analytics API Token,SaaS,27,250,6750,465.0,6285.0,2673.23
2026-01-25,TXN-515872,Cybersecurity Firewall V4,Software,8,600,4800,664.64,4135.36,2473.5
2026-04-18,TXN-646015,Cybersecurity Firewall V4,Software,3,600,1800,535.58,1264.42,733.57
2026-03-05,TXN-792095,Cloud Workspace Pro,SaaS,38,45,1710,52.34,1657.66,810.57
2026-02-15,TXN-621608,AI Analytics API Token,SaaS,31,250,7750,533.11,7216.89,3788.4900000000002
2026-06-13,TXN-294509,Cloud Workspace Pro,SaaS,30,45,1350,170.09,1179.91,511.45000000000005
2026-01-14,TXN-792111,Enterprise Server Suite,Electronics,2,1200,2400,455.21,1944.79,903.01
2026-08-11,TXN-334627,AI Analytics API Token,SaaS,41,250,10250,127.83,10122.17,5293.13
2026-01-20,TXN-959877,Cloud Workspace Pro,SaaS,28,45,1260,41.05,1218.95,697.7700000000001
2026-08-01,TXN-133848,Cybersecurity Firewall V4,Software,10,600,6000,1115.26,4884.74,2583.5499999999997
2026-06-22,TXN-169122,Workstation Pro Setup,Electronics,1,850,850,99.99,750.01,377.86
2026-08-04,TXN-209079,Cybersecurity Firewall V4,Software,10,600,6000,1010.67,4989.33,2434.13
2026-06-11,TXN-996816,Cloud Workspace Pro,SaaS,23,45,1035,41.89,993.11,431.99
2026-03-04,TXN-252889,AI Analytics API Token,SaaS,26,250,6500,452.02,6047.98,2726.5199999999995
2026-08-18,TXN-367613,Cybersecurity Firewall V4,Software,4,600,2400,372.43,2027.57,1038.04
2026-07-02,TXN-281360,Enterprise Server Suite,Electronics,7,1200,8400,495.3,7904.7,4155.62
2026-08-08,TXN-702272,AI Analytics API Token,SaaS,15,250,3750,275.11,3474.89,1876.83
2026-05-25,TXN-785614,Workstation Pro Setup,Electronics,4,850,3400,534.24,2865.76,1651.63
2026-03-19,TXN-338404,Workstation Pro Setup,Electronics,11,850,9350,1383.77,7966.23,3265.66
2026-03-02,TXN-761757,Cloud Workspace Pro,SaaS,7,45,315,1.24,313.76,186.74
2026-04-28,TXN-123284,Cybersecurity Firewall V4,Software,6,600,3600,559.53,3040.4700000000003,1642.6300000000003
2026-05-27,TXN-687100,Cloud Workspace Pro,SaaS,39,45,1755,113.11,1641.89,698.5500000000001
2026-03-05,TXN-352164,Cybersecurity Firewall V4,Software,4,600,2400,577.9,1822.1,926.29
2026-04-10,TXN-456992,Cloud Workspace Pro,SaaS,8,45,360,2.69,357.31,149.79
2026-01-24,TXN-605659,Enterprise Server Suite,Electronics,4,1200,4800,918.62,3881.38,2205.4700000000003
2026-04-18,TXN-407747,Workstation Pro Setup,Electronics,9,850,7650,1149.6,6500.4,3046.1499999999996
2026-08-01,TXN-755522,Workstation Pro Setup,Electronics,10,850,8500,479.72,8020.28,4392.379999999999
2026-07-02,TXN-619349,Workstation Pro Setup,Electronics,14,850,11900,593.92,11306.08,6168.71
2026-08-11,TXN-196044,Cloud Workspace Pro,SaaS,29,45,1305,152.04,1152.96,676.7
2026-08-16,TXN-933731,AI Analytics API Token,SaaS,24,250,6000,371.82,5628.18,2744.3100000000004
2026-06-27,TXN-507505,Enterprise Server Suite,Electronics,11,1200,13200,1146.23,12053.77,5062.990000000001
2026-06-09,TXN-689716,AI Analytics API Token,SaaS,24,250,6000,76.79,5923.21,2508.91
2026-06-19,TXN-513860,Cloud Workspace Pro,SaaS,48,45,2160,255.22,1904.78,904.99
2026-02-27,TXN-222788,Cybersecurity Firewall V4,Software,2,600,1200,52.19,1147.81,522.2199999999999
2026-08-04,TXN-405035,Enterprise Server Suite,Electronics,3,1200,3600,277.83,3322.17,1364.0600000000002
2026-07-08,TXN-229350,Enterprise Server Suite,Electronics,1,1200,1200,45.37,1154.63,640.7500000000001
2026-03-27,TXN-827067,Enterprise Server Suite,Electronics,1,1200,1200,294.16,905.8399999999999,502.2999999999999
2026-07-05,TXN-560385,AI Analytics API Token,SaaS,45,250,11250,890.66,10359.34,5078.4800000000005
2026-07-17,TXN-638645,Cloud Workspace Pro,SaaS,5,45,225,14.47,210.53,120.38
2026-04-22,TXN-964690,Enterprise Server Suite,Electronics,2,1200,2400,58.54,2341.46,1001.21
2026-05-05,TXN-170202,Workstation Pro Setup,Electronics,8,850,6800,1070.28,5729.72,3309.5600000000004
2026-05-18,TXN-688158,AI Analytics API Token,SaaS,36,250,9000,232.76,8767.24,4971.54
2026-03-09,TXN-982766,Workstation Pro Setup,Electronics,6,850,5100,18.3,5081.7,2920.7
2026-08-02,TXN-631111,Workstation Pro Setup,Electronics,12,850,10200,521.21,9678.79,3974.8100000000013
2026-02-27,TXN-777623,Workstation Pro Setup,Electronics,10,850,8500,948.57,7551.43,3696.4
2026-05-11,TXN-557382,Workstation Pro Setup,Electronics,1,850,850,66.42,783.58,345.03000000000003
2026-06-29,TXN-620498,Enterprise Server Suite,Electronics,11,1200,13200,1255.39,11944.61,5313.89
2026-01-11,TXN-777160,Workstation Pro Setup,Electronics,10,850,8500,159.86,8340.14,4409.15
2026-06-13,TXN-271918,Cybersecurity Firewall V4,Software,5,600,3000,281.11,2718.89,1281.86
2026-06-25,TXN-180257,Cloud Workspace Pro,SaaS,46,45,2070,138.98,1931.02,943.18
2026-01-07,TXN-628423,AI Analytics API Token,SaaS,49,250,12250,1110.03,11139.97,6067.039999999999
2026-08-18,TXN-919812,Enterprise Server Suite,Electronics,12,1200,14400,727.26,13672.74,7699.87
2026-06-09,TXN-892338,Workstation Pro Setup,Electronics,11,850,9350,585.61,8764.39,3858.7999999999993
2026-02-01,TXN-678688,Enterprise Server Suite,Electronics,12,1200,14400,2663.03,11736.97,6291.799999999999
2026-03-04,TXN-156481,Cybersecurity Firewall V4,Software,7,600,4200,154.27,4045.73,1840.6599999999999
2026-01-04,TXN-906527,Workstation Pro Setup,Electronics,6,850,5100,999.38,4100.62,1922.2599999999998
2026-01-27,TXN-978483,Cybersecurity Firewall V4,Software,9,600,5400,150.71,5249.29,3118.75
2026-06-11,TXN-542632,Cloud Workspace Pro,SaaS,9,45,405,59.14,345.86,184.22000000000003
2026-04-26,TXN-842849,Cloud Workspace Pro,SaaS,10,45,450,47.94,402.06,215.96
2026-06-24,TXN-801397,Workstation Pro Setup,Electronics,12,850,10200,640.68,9559.32,5249.36
2026-05-11,TXN-745275,Workstation Pro Setup,Electronics,12,850,10200,1071.89,9128.11,5030.790000000001
2026-08-06,TXN-827346,Enterprise Server Suite,Electronics,5,1200,6000,630.18,5369.82,2249.5699999999997
2026-06-24,TXN-443701,Cloud Workspace Pro,SaaS,15,45,675,65.93,609.0699999999999,289.79999999999995
2026-01-17,TXN-567874,Cybersecurity Firewall V4,Software,12,600,7200,1017.98,6182.02,2498.6400000000003
2026-02-02,TXN-305735,Workstation Pro Setup,Electronics,13,850,11050,1494.35,9555.65,5112.07
2026-06-05,TXN-846111,Enterprise Server Suite,Electronics,4,1200,4800,272.62,4527.38,1958.5100000000002
2026-07-10,TXN-212782,AI Analytics API Token,SaaS,8,250,2000,173.28,1826.72,1017.2900000000001
2026-07-10,TXN-410925,Cybersecurity Firewall V4,Software,3,600,1800,412.1,1387.9,719.4000000000001
2026-08-16,TXN-915948,Workstation Pro Setup,Electronics,1,850,850,130.23,719.77,318.35999999999996
2026-07-26,TXN-683098,Cloud Workspace Pro,SaaS,37,45,1665,218.34,1446.66,867.94
2026-04-01,TXN-901469,Cloud Workspace Pro,SaaS,42,45,1890,64.28,1825.72,956.09
2026-02-04,TXN-863760,AI Analytics API Token,SaaS,34,250,8500,682.0,7818.0,3941.73
2026-01-25,TXN-615693,Cloud Workspace Pro,SaaS,42,45,1890,79.39,1810.61,775.54
2026-06-28,TXN-569164,AI Analytics API Token,SaaS,46,250,11500,804.21,10695.79,4621.7300000000005
2026-03-12,TXN-440754,Enterprise Server Suite,Electronics,11,1200,13200,2073.19,11126.81,5490.69
2026-06-24,TXN-524871,Workstation Pro Setup,Electronics,14,850,11900,519.89,11380.11,6554.380000000001
2026-07-28,TXN-195028,Enterprise Server Suite,Electronics,1,1200,1200,140.63,1059.37,571.79
2026-08-15,TXN-263834,Enterprise Server Suite,Electronics,11,1200,13200,2409.81,10790.19,5181.860000000001
2026-03-09,TXN-417013,Workstation Pro Setup,Electronics,8,850,6800,1193.08,5606.92,2993.64
2026-06-18,TXN-285378,Cybersecurity Firewall V4,Software,14,600,8400,2002.34,6397.66,3794.23
2026-01-11,TXN-420787,Cloud Workspace Pro,SaaS,25,45,1125,87.99,1037.01,609.01
2026-04-11,TXN-971868,AI Analytics API Token,SaaS,48,250,12000,137.92,11862.08,6894.58
2026-05-17,TXN-582604,Workstation Pro Setup,Electronics,3,850,2550,422.94,2127.06,902.31
2026-03-28,TXN-601608,Workstation Pro Setup,Electronics,6,850,5100,443.29,4656.71,2073.28
2026-05-27,TXN-863429,Cloud Workspace Pro,SaaS,33,45,1485,38.0,1447.0,593.82
2026-01-20,TXN-536571,Enterprise Server Suite,Electronics,13,1200,15600,2494.46,13105.54,6090.340000000001
2026-01-28,TXN-493409,Workstation Pro Setup,Electronics,6,850,5100,802.49,4297.51,1744.13
2026-08-04,TXN-404214,Cloud Workspace Pro,SaaS,31,45,1395,155.6,1239.4,618.1500000000001
2026-06-15,TXN-759738,Enterprise Server Suite,Electronics,2,1200,2400,217.11,2182.89,1103.4499999999998
2026-05-16,TXN-561552,AI Analytics API Token,SaaS,46,250,11500,1117.26,10382.74,5541.59
2026-04-09,TXN-711004,AI Analytics API Token,SaaS,49,250,12250,581.0,11669.0,5622.43
2026-08-18,TXN-849971,Enterprise Server Suite,Electronics,14,1200,16800,207.89,16592.11,7189.970000000001
2026-05-04,TXN-117087,Enterprise Server Suite,Electronics,10,1200,12000,1388.56,10611.44,5436.160000000001
2026-03-03,TXN-236535,Cloud Workspace Pro,SaaS,47,45,2115,14.08,2100.92,1143.8200000000002
2026-02-06,TXN-476742,Enterprise Server Suite,Electronics,9,1200,10800,2209.16,8590.84,4241.13
2026-07-02,TXN-705842,Enterprise Server Suite,Electronics,7,1200,8400,1036.45,7363.55,3383.9100000000003
2026-05-19,TXN-632498,Cybersecurity Firewall V4,Software,14,600,8400,416.31,7983.69,4167.69
2026-03-17,TXN-515648,Cybersecurity Firewall V4,Software,5,600,3000,232.36,2767.64,1287.1699999999998
2026-02-14,TXN-475960,Cloud Workspace Pro,SaaS,43,45,1935,276.91,1658.09,755.6299999999999
2026-04-01,TXN-539953,Cybersecurity Firewall V4,Software,7,600,4200,51.1,4148.9,1766.1099999999997
2026-07-13,TXN-853298,Workstation Pro Setup,Electronics,14,850,11900,1904.84,9995.16,4672.41
2026-08-27,TXN-537625,Workstation Pro Setup,Electronics,8,850,6800,1021.6,5778.4,3384.9799999999996
2026-05-23,TXN-544865,Enterprise Server Suite,Electronics,7,1200,8400,866.62,7533.38,3546.57
2026-02-20,TXN-963349,AI Analytics API Token,SaaS,17,250,4250,4.31,4245.69,2007.2799999999997
2026-07-20,TXN-946490,Enterprise Server Suite,Electronics,7,1200,8400,1834.77,6565.23,2988.5299999999997
2026-04-27,TXN-303047,Cloud Workspace Pro,SaaS,33,45,1485,14.8,1470.2,725.11
2026-01-02,TXN-789984,Enterprise Server Suite,Electronics,9,1200,10800,1139.49,9660.51,5226.26
2026-02-24,TXN-743294,Cybersecurity Firewall V4,Software,10,600,6000,1638.24,4361.76,1912.1800000000003
2026-06-02,TXN-483395,Enterprise Server Suite,Electronics,6,1200,7200,1522.09,5677.91,2620.3599999999997
2026-04-09,TXN-948925,Cybersecurity Firewall V4,Software,7,600,4200,683.59,3516.41,1503.8
2026-07-07,TXN-807755,Workstation Pro Setup,Electronics,2,850,1700,130.64,1569.3600000000001,800.3300000000002
2026-03-20,TXN-437913,Enterprise Server Suite,Electronics,7,1200,8400,669.62,7730.38,3738.1
2026-02-26,TXN-581719,Workstation Pro Setup,Electronics,12,850,10200,1404.35,8795.65,4618.5
2026-06-05,TXN-848736,Cybersecurity Firewall V4,Software,7,600,4200,179.67,4020.33,1696.5
2026-02-16,TXN-888443,Workstation Pro Setup,Electronics,3,850,2550,12.98,2537.02,1194.52
2026-06-12,TXN-897552,AI Analytics API Token,SaaS,35,250,8750,692.76,8057.24,3873.9399999999996
2026-02-07,TXN-607365,Cybersecurity Firewall V4,Software,8,600,4800,525.01,4274.99,2378.7
2026-03-06,TXN-928791,Workstation Pro Setup,Electronics,1,850,850,23.89,826.11,415.44
2026-03-29,TXN-863034,AI Analytics API Token,SaaS,7,250,1750,168.7,1581.3,827.27
2026-06-23,TXN-572890,AI Analytics API Token,SaaS,31,250,7750,124.02,7625.98,4539.969999999999
2026-05-05,TXN-253124,Cybersecurity Firewall V4,Software,14,600,8400,327.72,8072.28,3494.5199999999995
2026-06-19,TXN-302747,Workstation Pro Setup,Electronics,5,850,4250,402.91,3847.09,1966.5300000000002
2026-07-20,TXN-433299,Enterprise Server Suite,Electronics,13,1200,15600,1124.78,14475.22,5902.5999999999985
2026-05-25,TXN-102352,Cybersecurity Firewall V4,Software,6,600,3600,584.72,3015.2799999999997,1716.2099999999998
2026-05-21,TXN-150098,Cloud Workspace Pro,SaaS,49,45,2205,252.0,1953.0,846.1800000000001
2026-05-11,TXN-230544,Cloud Workspace Pro,SaaS,38,45,1710,66.52,1643.48,922.12
2026-03-26,TXN-568466,Workstation Pro Setup,Electronics,5,850,4250,821.45,3428.55,1674.7000000000003
2026-05-09,TXN-557569,Workstation Pro Setup,Electronics,8,850,6800,1359.61,5440.39,3100.4500000000003
2026-05-19,TXN-943601,Workstation Pro Setup,Electronics,3,850,2550,399.02,2150.98,974.5799999999999
2026-04-14,TXN-607732,Enterprise Server Suite,Electronics,8,1200,9600,1489.59,8110.41,4539.7
2026-01-08,TXN-306846,Workstation Pro Setup,Electronics,5,850,4250,404.21,3845.79,1889.8
2026-03-05,TXN-512811,AI Analytics API Token,SaaS,38,250,9500,686.04,8813.96,4348.129999999999
2026-05-29,TXN-670387,AI Analytics API Token,SaaS,43,250,10750,134.18,10615.82,4683.25
2026-06-18,TXN-989497,Cloud Workspace Pro,SaaS,16,45,720,104.72,615.28,252.36999999999995
2026-02-17,TXN-964950,Workstation Pro Setup,Electronics,12,850,10200,1539.43,8660.57,4344.259999999999
2026-08-16,TXN-282170,AI Analytics API Token,SaaS,37,250,9250,520.51,8729.49,4467.36
2026-07-22,TXN-213613,Enterprise Server Suite,Electronics,3,1200,3600,519.55,3080.45,1314.9999999999998
2026-08-07,TXN-283043,Cloud Workspace Pro,SaaS,32,45,1440,178.74,1261.26,563.9
2026-05-15,TXN-968467,Cybersecurity Firewall V4,Software,3,600,1800,108.26,1691.74,978.07
2026-06-22,TXN-966450,Enterprise Server Suite,Electronics,1,1200,1200,254.09,945.91,398.5899999999999
2026-03-04,TXN-585662,AI Analytics API Token,SaaS,9,250,2250,114.85,2135.15,1013.52
2026-07-27,TXN-742613,Cloud Workspace Pro,SaaS,36,45,1620,225.81,1394.19,828.0
2026-05-18,TXN-939319,Cloud Workspace Pro,SaaS,25,45,1125,60.53,1064.47,467.4200000000001
2026-02-04,TXN-372647,Enterprise Server Suite,Electronics,14,1200,16800,37.23,16762.77,6712.41
2026-01-26,TXN-428768,Enterprise Server Suite,Electronics,8,1200,9600,707.09,8892.91,5310.29
2026-02-05,TXN-142727,Enterprise Server Suite,Electronics,5,1200,6000,1110.71,4889.29,2793.89
2026-05-16,TXN-456898,Cybersecurity Firewall V4,Software,12,600,7200,1422.45,5777.55,2581.28
2026-07-13,TXN-632893,Enterprise Server Suite,Electronics,2,1200,2400,46.59,2353.41,1220.2199999999998
2026-08-11,TXN-685676,AI Analytics API Token,SaaS,39,250,9750,535.4,9214.6,4363.870000000001
2026-06-22,TXN-122031,Cloud Workspace Pro,SaaS,49,45,2205,315.9,1889.1,936.0199999999999
2026-03-07,TXN-861019,Enterprise Server Suite,Electronics,7,1200,8400,1768.36,6631.64,3657.7100000000005
2026-03-07,TXN-987291,Cloud Workspace Pro,SaaS,30,45,1350,81.58,1268.42,686.1400000000001
2026-02-03,TXN-335062,AI Analytics API Token,SaaS,12,250,3000,87.75,2912.25,1658.63
2026-01-27,TXN-508808,Cybersecurity Firewall V4,Software,7,600,4200,600.31,3599.69,1997.0900000000001
2026-06-07,TXN-582616,Cybersecurity Firewall V4,Software,13,600,7800,1412.17,6387.83,3375.5699999999997
2026-01-25,TXN-836265,Enterprise Server Suite,Electronics,7,1200,8400,1056.48,7343.52,3746.1500000000005
2026-08-16,TXN-467003,Workstation Pro Setup,Electronics,4,850,3400,464.18,2935.82,1619.44
2026-04-20,TXN-745822,Workstation Pro Setup,Electronics,5,850,4250,683.36,3566.64,1745.87
2026-01-04,TXN-587030,Cybersecurity Firewall V4,Software,11,600,6600,1535.19,5064.8099999999995,2763.9599999999996
2026-06-08,TXN-369160,Cloud Workspace Pro,SaaS,22,45,990,122.33,867.67,395.35999999999996
2026-07-23,TXN-937393,Enterprise Server Suite,Electronics,9,1200,10800,0.36,10799.64,5375.78
2026-04-06,TXN-266277,Enterprise Server Suite,Electronics,7,1200,8400,1224.86,7175.14,3634.9700000000003
2026-03-10,TXN-334104,Workstation Pro Setup,Electronics,9,850,7650,126.55,7523.45,3113.37
2026-03-06,TXN-236643,AI Analytics API Token,SaaS,23,250,5750,324.87,5425.13,2314.85
2026-04-10,TXN-599909,Cloud Workspace Pro,SaaS,19,45,855,120.94,734.06,378.41999999999996
2026-04-22,TXN-794489,Workstation Pro Setup,Electronics,3,850,2550,45.54,2504.46,1158.55
2026-06-06,TXN-958286,Enterprise Server Suite,Electronics,12,1200,14400,2277.76,12122.24,5566.88
2026-01-23,TXN-611511,Cybersecurity Firewall V4,Software,5,600,3000,787.96,2212.04,1246.35
2026-04-18,TXN-826728,AI Analytics API Token,SaaS,21,250,5250,354.96,4895.04,2012.8600000000001
2026-01-21,TXN-408112,Workstation Pro Setup,Electronics,3,850,2550,323.51,2226.49,890.8299999999997
2026-04-11,TXN-730527,Workstation Pro Setup,Electronics,9,850,7650,728.23,6921.77,3999.4300000000003
2026-07-25,TXN-102257,AI Analytics API Token,SaaS,48,250,12000,3.46,11996.54,5137.02
2026-08-17,TXN-645096,Cybersecurity Firewall V4,Software,4,600,2400,612.25,1787.75,996.85
2026-06-15,TXN-469836,AI Analytics API Token,SaaS,26,250,6500,140.23,6359.77,2953.7100000000005
2026-08-25,TXN-409521,Cloud Workspace Pro,SaaS,13,45,585,11.99,573.01,269.13
2026-01-03,TXN-409735,Workstation Pro Setup,Electronics,6,850,5100,657.73,4442.27,2314.3100000000004
2026-02-23,TXN-609452,Enterprise Server Suite,Electronics,4,1200,4800,102.41,4697.59,2778.15
2026-02-26,TXN-157134,Enterprise Server Suite,Electronics,6,1200,7200,1407.63,5792.37,2845.44
2026-02-22,TXN-274037,Cloud Workspace Pro,SaaS,17,45,765,43.5,721.5,384.22
2026-03-22,TXN-807173,Workstation Pro Setup,Electronics,14,850,11900,984.47,10915.53,5473.340000000001
2026-01-17,TXN-983096,Workstation Pro Setup,Electronics,6,850,5100,272.01,4827.99,2196.87
2026-08-16,TXN-381755,Cloud Workspace Pro,SaaS,30,45,1350,137.2,1212.8,652.03
2026-01-16,TXN-787605,Enterprise Server Suite,Electronics,8,1200,9600,315.64,9284.36,3979.040000000001
2026-06-30,TXN-980006,Cloud Workspace Pro,SaaS,34,45,1530,84.39,1445.61,814.8199999999999
2026-08-12,TXN-938387,Cybersecurity Firewall V4,Software,9,600,5400,1252.49,4147.51,2058.86
2026-02-26,TXN-549763,Workstation Pro Setup,Electronics,11,850,9350,1239.82,8110.18,3976.6100000000006
2026-04-21,TXN-914038,AI Analytics API Token,SaaS,13,250,3250,177.76,3072.24,1333.4999999999998
2026-08-05,TXN-849468,Cybersecurity Firewall V4,Software,6,600,3600,164.51,3435.49,1443.2799999999997
2026-08-21,TXN-727835,Cybersecurity Firewall V4,Software,2,600,1200,217.19,982.81,496.62999999999994
2026-08-03,TXN-723222,Workstation Pro Setup,Electronics,10,850,8500,989.75,7510.25,3018.8100000000004
2026-05-13,TXN-411573,Workstation Pro Setup,Electronics,2,850,1700,219.16,1480.84,722.2699999999999
2026-08-21,TXN-439384,Enterprise Server Suite,Electronics,11,1200,13200,2394.57,10805.43,5143.96
2026-01-26,TXN-993388,Enterprise Server Suite,Electronics,10,1200,12000,945.44,11054.56,6021.999999999999
2026-06-30,TXN-656718,Workstation Pro Setup,Electronics,12,850,10200,1311.35,8888.65,3893.4799999999996
2026-02-21,TXN-922513,Workstation Pro Setup,Electronics,9,850,7650,1361.92,6288.08,2882.81
2026-01-26,TXN-802922,Enterprise Server Suite,Electronics,2,1200,2400,4.7,2395.3,1134.9300000000003
2026-02-23,TXN-184703,Enterprise Server Suite,Electronics,2,1200,2400,181.15,2218.85,993.56
2026-03-02,TXN-931037,Cloud Workspace Pro,SaaS,25,45,1125,162.39,962.61,458.03000000000003
2026-03-27,TXN-953725,Cloud Workspace Pro,SaaS,18,45,810,66.41,743.59,381.79
2026-01-03,TXN-717632,Cybersecurity Firewall V4,Software,8,600,4800,301.23,4498.77,2654.2900000000004
2026-07-28,TXN-865419,AI Analytics API Token,SaaS,17,250,4250,224.07,4025.93,2100.04
2026-03-11,TXN-327135,Enterprise Server Suite,Electronics,4,1200,4800,1141.72,3658.2799999999997,1467.1
2026-07-06,TXN-336562,Cloud Workspace Pro,SaaS,16,45,720,28.03,691.97,354.70000000000005
2026-08-03,TXN-911804,Cloud Workspace Pro,SaaS,30,45,1350,2.87,1347.13,584.8200000000002
2026-02-28,TXN-168431,Cybersecurity Firewall V4,Software,2,600,1200,251.39,948.61,494.19
2026-07-13,TXN-398335,Cloud Workspace Pro,SaaS,12,45,540,13.1,526.9,265.88
2026-08-16,TXN-718071,Enterprise Server Suite,Electronics,11,1200,13200,2199.78,11000.22,6242.19
2026-03-27,TXN-511236,Cybersecurity Firewall V4,Software,6,600,3600,651.31,2948.69,1276.54
2026-08-08,TXN-687515,Workstation Pro Setup,Electronics,10,850,8500,1368.08,7131.92,4213.46
2026-04-14,TXN-967482,Cloud Workspace Pro,SaaS,12,45,540,65.47,474.53,260.63
2026-05-01,TXN-168323,Cybersecurity Firewall V4,Software,3,600,1800,483.11,1316.8899999999999,790.0199999999999
2026-01-09,TXN-192764,AI Analytics API Token,SaaS,38,250,9500,943.59,8556.41,5056.99
2026-03-12,TXN-468226,Enterprise Server Suite,Electronics,3,1200,3600,353.21,3246.79,1458.29
2026-04-23,TXN-206611,AI Analytics API Token,SaaS,30,250,7500,267.84,7232.16,3200.16
2026-04-03,TXN-806673,Workstation Pro Setup,Electronics,5,850,4250,304.79,3945.21,1849.02
2026-01-01,TXN-523177,Cloud Workspace Pro,SaaS,30,45,1350,185.94,1164.06,674.73
2026-02-28,TXN-842800,AI Analytics API Token,SaaS,45,250,11250,43.8,11206.2,6642.990000000001
2026-01-22,TXN-811935,Cloud Workspace Pro,SaaS,49,45,2205,74.38,2130.62,1094.55
2026-05-19,TXN-208946,AI Analytics API Token,SaaS,25,250,6250,322.94,5927.06,2656.7700000000004
2026-04-19,TXN-369956,Workstation Pro Setup,Electronics,7,850,5950,1063.97,4886.03,2006.7399999999998
2026-05-29,TXN-487699,Workstation Pro Setup,Electronics,7,850,5950,566.84,5383.16,2694.23
2026-04-19,TXN-313606,Cybersecurity Firewall V4,Software,8,600,4800,268.04,4531.96,2418.65
2026-02-15,TXN-575406,Workstation Pro Setup,Electronics,14,850,11900,169.36,11730.64,6876.48
2026-08-15,TXN-669383,Cybersecurity Firewall V4,Software,1,600,600,73.69,526.31,230.42999999999995
2026-07-10,TXN-571017,Cybersecurity Firewall V4,Software,4,600,2400,499.41,1900.59,847.24
2026-01-04,TXN-107415,AI Analytics API Token,SaaS,38,250,9500,832.09,8667.91,4266.18
2026-04-26,TXN-268616,Cybersecurity Firewall V4,Software,5,600,3000,352.64,2647.36,1298.95
2026-02-26,TXN-863529,Cybersecurity Firewall V4,Software,9,600,5400,99.36,5300.64,2796.4300000000003
2026-06-17,TXN-714741,Cybersecurity Firewall V4,Software,13,600,7800,1023.71,6776.29,2869.44
2026-02-16,TXN-145475,Workstation Pro Setup,Electronics,12,850,10200,632.57,9567.43,4340.31
2026-08-27,TXN-292029,Enterprise Server Suite,Electronics,5,1200,6000,1138.6,4861.4,2324.1099999999997
2026-07-09,TXN-582488,Cybersecurity Firewall V4,Software,9,600,5400,409.56,4990.44,2723.3399999999997
2026-05-06,TXN-653172,AI Analytics API Token,SaaS,40,250,10000,984.86,9015.14,4049.1499999999996
2026-02-23,TXN-372158,Cybersecurity Firewall V4,Software,8,600,4800,951.86,3848.14,2248.5
2026-06-19,TXN-239784,Cloud Workspace Pro,SaaS,36,45,1620,40.66,1579.34,701.03
2026-07-28,TXN-843859,AI Analytics API Token,SaaS,36,250,9000,38.18,8961.82,4901.53
2026-04-21,TXN-884192,Enterprise Server Suite,Electronics,11,1200,13200,2504.72,10695.28,6197.880000000001
2026-07-10,TXN-588535,Enterprise Server Suite,Electronics,3,1200,3600,332.35,3267.65,1350.9
2026-07-13,TXN-657564,AI Analytics API Token,SaaS,10,250,2500,230.25,2269.75,1046.54
2026-05-06,TXN-446184,Enterprise Server Suite,Electronics,1,1200,1200,9.26,1190.74,702.09
2026-05-21,TXN-403664,Workstation Pro Setup,Electronics,4,850,3400,106.98,3293.02,1897.52
2026-03-17,TXN-437369,Cybersecurity Firewall V4,Software,7,600,4200,692.13,3507.87,1885.84
2026-01-15,TXN-658963,Workstation Pro Setup,Electronics,4,850,3400,261.36,3138.64,1867.37
2026-06-12,TXN-572963,Cloud Workspace Pro,SaaS,37,45,1665,242.32,1422.68,729.08
2026-08-04,TXN-990023,AI Analytics API Token,SaaS,33,250,8250,674.13,7575.87,3717.58
2026-03-24,TXN-461447,Cybersecurity Firewall V4,Software,1,600,600,55.59,544.41,274.14
2026-01-13,TXN-363625,AI Analytics API Token,SaaS,23,250,5750,228.02,5521.98,3167.7199999999993
2026-03-30,TXN-119477,Workstation Pro Setup,Electronics,4,850,3400,425.02,2974.98,1596.64
2026-04-25,TXN-505105,Enterprise Server Suite,Electronics,5,1200,6000,106.34,5893.66,3167.41
2026-01-16,TXN-730752,AI Analytics API Token,SaaS,22,250,5500,136.13,5363.87,3043.66
2026-04-23,TXN-247595,Workstation Pro Setup,Electronics,14,850,11900,929.82,10970.18,6162.110000000001
2026-05-25,TXN-363031,Enterprise Server Suite,Electronics,5,1200,6000,1099.05,4900.95,2544.06
2026-02-28,TXN-317813,Enterprise Server Suite,Electronics,14,1200,16800,352.46,16447.54,8771.600000000002
2026-07-16,TXN-597952,AI Analytics API Token,SaaS,6,250,1500,30.81,1469.19,769.4300000000001
2026-05-21,TXN-619570,Workstation Pro Setup,Electronics,6,850,5100,748.16,4351.84,2509.9800000000005
2026-05-08,TXN-573918,Cybersecurity Firewall V4,Software,8,600,4800,1426.12,3373.88,1804.8500000000001
2026-07-21,TXN-329577,Enterprise Server Suite,Electronics,9,1200,10800,31.0,10769.0,5491.94
2026-01-17,TXN-424264,Cloud Workspace Pro,SaaS,10,45,450,36.98,413.02,166.95
2026-07-16,TXN-843088,Cloud Workspace Pro,SaaS,30,45,1350,117.89,1232.11,688.8899999999999
2026-07-23,TXN-466081,AI Analytics API Token,SaaS,7,250,1750,35.93,1714.07,862.8499999999999
2026-05-04,TXN-422854,Cloud Workspace Pro,SaaS,42,45,1890,274.58,1615.42,774.23
2026-08-07,TXN-819979,Cybersecurity Firewall V4,Software,6,600,3600,73.8,3526.2,1812.1999999999998
2026-05-27,TXN-868917,Workstation Pro Setup,Electronics,3,850,2550,330.74,2219.26,1212.8700000000003
2026-03-08,TXN-361445,AI Analytics API Token,SaaS,14,250,3500,157.74,3342.26,1556.1200000000001
2026-08-21,TXN-140387,AI Analytics API Token,SaaS,40,250,10000,249.52,9750.48,5846.349999999999
2026-03-06,TXN-934874,AI Analytics API Token,SaaS,30,250,7500,336.81,7163.19,3420.7699999999995
2026-05-30,TXN-184381,AI Analytics API Token,SaaS,25,250,6250,126.65,6123.35,2954.4100000000003
2026-01-25,TXN-838096,Cybersecurity Firewall V4,Software,12,600,7200,1355.37,5844.63,3056.02
2026-05-17,TXN-967564,Workstation Pro Setup,Electronics,3,850,2550,488.37,2061.63,1072.4500000000003
2026-02-15,TXN-471344,Cloud Workspace Pro,SaaS,36,45,1620,163.41,1456.59,589.3299999999999
2026-03-15,TXN-500890,Cloud Workspace Pro,SaaS,31,45,1395,90.73,1304.27,758.4
2026-03-26,TXN-233498,Enterprise Server Suite,Electronics,12,1200,14400,3100.75,11299.25,4932.68
2026-03-14,TXN-104138,AI Analytics API Token,SaaS,30,250,7500,747.2,6752.8,3742.17
2026-05-01,TXN-896710,Enterprise Server Suite,Electronics,10,1200,12000,2102.6,9897.4,5534.58
2026-04-23,TXN-989855,Cybersecurity Firewall V4,Software,7,600,4200,63.02,4136.98,1727.9999999999995
2026-03-04,TXN-252353,Enterprise Server Suite,Electronics,9,1200,10800,42.7,10757.3,6288.409999999999
2026-02-09,TXN-429231,AI Analytics API Token,SaaS,7,250,1750,37.69,1712.31,822.9
2026-03-23,TXN-500826,Cloud Workspace Pro,SaaS,22,45,990,119.56,870.44,378.99000000000007
2026-03-04,TXN-983520,Cybersecurity Firewall V4,Software,8,600,4800,288.41,4511.59,2150.42
2026-04-30,TXN-582376,AI Analytics API Token,SaaS,12,250,3000,20.54,2979.46,1566.53
2026-05-14,TXN-453973,AI Analytics API Token,SaaS,29,250,7250,241.86,7008.14,2992.2000000000003
2026-02-06,TXN-616540,Enterprise Server Suite,Electronics,2,1200,2400,472.43,1927.57,981.39
2026-02-27,TXN-754587,AI Analytics API Token,SaaS,42,250,10500,448.98,10051.02,5141.01
2026-04-17,TXN-897183,Cybersecurity Firewall V4,Software,12,600,7200,905.88,6294.12,3146.96
2026-05-19,TXN-201948,Cloud Workspace Pro,SaaS,17,45,765,34.55,730.45,364.84000000000003
2026-04-17,TXN-113261,Workstation Pro Setup,Electronics,12,850,10200,215.0,9985.0,4464.41
2026-06-15,TXN-387644,Cloud Workspace Pro,SaaS,5,45,225,31.19,193.81,111.95
2026-05-13,TXN-557666,Enterprise Server Suite,Electronics,10,1200,12000,2827.59,9172.41,4133.5
2026-04-19,TXN-102187,Workstation Pro Setup,Electronics,3,850,2550,56.32,2493.68,1351.9799999999998
2026-07-07,TXN-226270,AI Analytics API Token,SaaS,46,250,11500,615.89,10884.11,5753.59
2026-05-02,TXN-865791,Workstation Pro Setup,Electronics,8,850,6800,1073.44,5726.5599999999995,3083.4099999999994
2026-05-13,TXN-971206,Workstation Pro Setup,Electronics,14,850,11900,843.53,11056.47,5515.78
2026-03-21,TXN-737938,Enterprise Server Suite,Electronics,1,1200,1200,30.77,1169.23,609.7
2026-04-19,TXN-885833,AI Analytics API Token,SaaS,43,250,10750,208.4,10541.6,4514.3
2026-03-28,TXN-106968,Enterprise Server Suite,Electronics,12,1200,14400,3091.55,11308.45,5092.52
2026-05-07,TXN-123199,Enterprise Server Suite,Electronics,13,1200,15600,1790.84,13809.16,7150.12
2026-02-15,TXN-870644,Workstation Pro Setup,Electronics,7,850,5950,511.23,5438.77,2457.6400000000003
2026-07-13,TXN-571797,Cybersecurity Firewall V4,Software,6,600,3600,852.59,2747.41,1485.37
2026-02-02,TXN-451181,Enterprise Server Suite,Electronics,14,1200,16800,696.14,16103.86,6793.07
2026-05-02,TXN-886086,Cloud Workspace Pro,SaaS,40,45,1800,31.97,1768.03,985.89
2026-02-16,TXN-798730,AI Analytics API Token,SaaS,19,250,4750,355.96,4394.04,2133.82
2026-05-17,TXN-858761,Enterprise Server Suite,Electronics,14,1200,16800,3660.17,13139.83,6099.57
2026-07-12,TXN-406081,Cybersecurity Firewall V4,Software,2,600,1200,117.92,1082.08,530.9399999999999
2026-04-03,TXN-661446,Cybersecurity Firewall V4,Software,1,600,600,89.23,510.77,211.14
2026-05-08,TXN-817104,Cloud Workspace Pro,SaaS,21,45,945,29.24,915.76,477.69
2026-07-14,TXN-243888,Cloud Workspace Pro,SaaS,43,45,1935,121.69,1813.31,1081.4099999999999
2026-06-20,TXN-136468,Enterprise Server Suite,Electronics,11,1200,13200,1565.04,11634.96,5676.279999999999
2026-08-23,TXN-151831,Cloud Workspace Pro,SaaS,20,45,900,1.35,898.65,409.16999999999996
2026-02-25,TXN-912395,Enterprise Server Suite,Electronics,13,1200,15600,3203.41,12396.59,5347.08
2026-06-28,TXN-218696,Enterprise Server Suite,Electronics,7,1200,8400,947.72,7452.28,4197.959999999999
2026-06-22,TXN-404359,AI Analytics API Token,SaaS,15,250,3750,28.39,3721.61,1944.3000000000002
2026-05-26,TXN-102763,AI Analytics API Token,SaaS,6,250,1500,10.05,1489.95,632.5300000000001
2026-08-27,TXN-635352,Enterprise Server Suite,Electronics,8,1200,9600,2323.36,7276.639999999999,4269.109999999999
2026-02-18,TXN-626670,Cybersecurity Firewall V4,Software,2,600,1200,135.17,1064.83,467.7099999999999
2026-01-20,TXN-870050,Cybersecurity Firewall V4,Software,11,600,6600,84.82,6515.18,3327.4500000000003
2026-07-01,TXN-492670,AI Analytics API Token,SaaS,8,250,2000,92.85,1907.15,868.6200000000001
2026-04-17,TXN-540880,AI Analytics API Token,SaaS,34,250,8500,185.02,8314.98,3888.6099999999997
2026-05-17,TXN-416463,Workstation Pro Setup,Electronics,12,850,10200,194.56,10005.44,5795.790000000001
2026-06-02,TXN-431119,Workstation Pro Setup,Electronics,8,850,6800,579.46,6220.54,3050.5099999999998
2026-06-22,TXN-534219,Cloud Workspace Pro,SaaS,21,45,945,2.07,942.93,526.68
2026-01-29,TXN-658981,AI Analytics API Token,SaaS,11,250,2750,182.18,2567.82,1362.5000000000002
2026-06-06,TXN-347572,Cloud Workspace Pro,SaaS,21,45,945,36.6,908.4,435.04999999999995
2026-03-05,TXN-184811,Cloud Workspace Pro,SaaS,40,45,1800,230.2,1569.8,771.8199999999999
2026-06-19,TXN-641287,Cybersecurity Firewall V4,Software,13,600,7800,1667.9,6132.1,3205.6000000000004
2026-02-28,TXN-631147,Enterprise Server Suite,Electronics,8,1200,9600,1439.45,8160.55,3490.24
2026-05-18,TXN-577697,Workstation Pro Setup,Electronics,11,850,9350,351.41,8998.59,5260.63
2026-06-27,TXN-524671,Workstation Pro Setup,Electronics,3,850,2550,419.13,2130.87,997.4599999999998
2026-04-23,TXN-310048,Enterprise Server Suite,Electronics,3,1200,3600,845.16,2754.84,1302.2800000000002
2026-08-10,TXN-821818,Cybersecurity Firewall V4,Software,12,600,7200,1000.33,6199.67,3374.53
2026-04-10,TXN-517247,Cloud Workspace Pro,SaaS,43,45,1935,225.46,1709.54,744.8
2026-01-23,TXN-915495,Workstation Pro Setup,Electronics,10,850,8500,1188.21,7311.79,3848.42
2026-01-01,TXN-564462,Cybersecurity Firewall V4,Software,6,600,3600,36.37,3563.63,1511.56
2026-01-05,TXN-228216,Workstation Pro Setup,Electronics,8,850,6800,1167.04,5632.96,2496.78
2026-02-25,TXN-202476,AI Analytics API Token,SaaS,44,250,11000,809.85,10190.15,5224.65
2026-08-18,TXN-317980,Cloud Workspace Pro,SaaS,6,45,270,30.29,239.71,104.86000000000001
2026-02-07,TXN-436986,AI Analytics API Token,SaaS,24,250,6000,541.86,5458.14,2255.7700000000004
2026-08-12,TXN-604158,Cybersecurity Firewall V4,Software,10,600,6000,10.29,5989.71,3035.79
2026-05-23,TXN-423258,Cybersecurity Firewall V4,Software,13,600,7800,304.39,7495.61,4463.75
2026-05-29,TXN-893076,AI Analytics API Token,SaaS,15,250,3750,5.14,3744.86,2186.83
2026-02-04,TXN-791967,Cloud Workspace Pro,SaaS,36,45,1620,75.08,1544.92,885.97
2026-08-23,TXN-196393,Cloud Workspace Pro,SaaS,39,45,1755,247.04,1507.96,779.6700000000001
2026-03-24,TXN-766282,Enterprise Server Suite,Electronics,4,1200,4800,1188.81,3611.19,1620.17
2026-07-13,TXN-111094,Cloud Workspace Pro,SaaS,47,45,2115,183.64,1931.3600000000001,938.8400000000001
2026-06-01,TXN-301604,AI Analytics API Token,SaaS,38,250,9500,324.81,9175.19,4536.81
2026-02-20,TXN-152691,Cybersecurity Firewall V4,Software,12,600,7200,1067.36,6132.64,2623.4900000000002
2026-06-15,TXN-643898,Enterprise Server Suite,Electronics,14,1200,16800,224.06,16575.94,8437.929999999998
2026-02-24,TXN-922614,Cloud Workspace Pro,SaaS,27,45,1215,168.59,1046.41,495.6500000000001
2026-06-18,TXN-962034,AI Analytics API Token,SaaS,29,250,7250,470.26,6779.74,3694.5699999999997
2026-03-06,TXN-503157,Workstation Pro Setup,Electronics,1,850,850,30.49,819.51,376.13
2026-06-24,TXN-497745,Enterprise Server Suite,Electronics,13,1200,15600,3700.1,11899.9,6995.7
2026-04-22,TXN-265159,Enterprise Server Suite,Electronics,7,1200,8400,360.01,8039.99,4094.64
2026-04-28,TXN-812793,Workstation Pro Setup,Electronics,14,850,11900,2166.31,9733.69,4596.1900000000005
2026-04-04,TXN-808387,Cybersecurity Firewall V4,Software,13,600,7800,1367.73,6432.27,2786.7300000000005
2026-07-01,TXN-114995,Cloud Workspace Pro,SaaS,15,45,675,60.03,614.97,325.33000000000004
2026-01-08,TXN-544755,Cybersecurity Firewall V4,Software,8,600,4800,332.34,4467.66,1862.4099999999999
2026-04-26,TXN-547415,AI Analytics API Token,SaaS,11,250,2750,137.93,2612.07,1057.2700000000002
2026-06-25,TXN-819778,AI Analytics API Token,SaaS,27,250,6750,193.4,6556.6,2881.4400000000005
2026-06-28,TXN-508376,Workstation Pro Setup,Electronics,5,850,4250,762.76,3487.24,1658.0899999999997
2026-01-08,TXN-490452,Cybersecurity Firewall V4,Software,14,600,8400,322.4,8077.6,4285.16
2026-04-29,TXN-715324,Workstation Pro Setup,Electronics,1,850,850,113.78,736.22,310.41
2026-05-27,TXN-605633,AI Analytics API Token,SaaS,38,250,9500,67.48,9432.52,5261.85
2026-01-20,TXN-352388,Cloud Workspace Pro,SaaS,42,45,1890,267.17,1622.83,949.41
2026-03-25,TXN-285639,AI Analytics API Token,SaaS,41,250,10250,778.27,9471.73,3849.7599999999993
2026-08-24,TXN-969001,AI Analytics API Token,SaaS,12,250,3000,65.91,2934.09,1748.41
2026-02-08,TXN-235203,Workstation Pro Setup,Electronics,1,850,850,60.13,789.87,426.14
2026-04-11,TXN-374597,Cloud Workspace Pro,SaaS,26,45,1170,157.64,1012.36,450.14
2026-05-07,TXN-503551,Cloud Workspace Pro,SaaS,35,45,1575,71.45,1503.55,732.7099999999999
2026-07-09,TXN-814647,Cybersecurity Firewall V4,Software,6,600,3600,843.0,2757.0,1486.78
2026-04-09,TXN-578454,Workstation Pro Setup,Electronics,12,850,10200,995.18,9204.82,5371.43
2026-08-11,TXN-324021,Cloud Workspace Pro,SaaS,46,45,2070,87.54,1982.46,1045.23
2026-05-21,TXN-711726,Enterprise Server Suite,Electronics,2,1200,2400,400.33,1999.67,889.03
2026-04-16,TXN-951161,Cybersecurity Firewall V4,Software,1,600,600,137.73,462.27,190.41999999999996
2026-08-07,TXN-136683,Cybersecurity Firewall V4,Software,2,600,1200,169.51,1030.49,483.08000000000004
2026-06-21,TXN-897583,AI Analytics API Token,SaaS,11,250,2750,32.18,2717.82,1195.9900000000002
2026-07-02,TXN-658988,Workstation Pro Setup,Electronics,11,850,9350,1425.78,7924.22,4554.84
2026-04-19,TXN-966491,Enterprise Server Suite,Electronics,1,1200,1200,52.65,1147.35,558.1299999999999
2026-03-31,TXN-298303,Workstation Pro Setup,Electronics,12,850,10200,1127.43,9072.57,4768.23
2026-07-06,TXN-369045,Workstation Pro Setup,Electronics,5,850,4250,236.85,4013.15,2232.3500000000004
2026-08-14,TXN-868184,Cybersecurity Firewall V4,Software,6,600,3600,1047.52,2552.48,1239.8600000000001
2026-01-06,TXN-719696,AI Analytics API Token,SaaS,14,250,3500,128.59,3371.41,1964.1699999999998
2026-02-28,TXN-294472,Cybersecurity Firewall V4,Software,5,600,3000,157.61,2842.39,1322.9799999999998
2026-01-31,TXN-809132,Cybersecurity Firewall V4,Software,10,600,6000,939.52,5060.48,2440.2299999999996
2026-02-14,TXN-407680,Cloud Workspace Pro,SaaS,24,45,1080,61.0,1019.0,564.11
2026-05-09,TXN-171386,Cybersecurity Firewall V4,Software,1,600,600,52.91,547.09,302.31000000000006
2026-04-19,TXN-476036,AI Analytics API Token,SaaS,30,250,7500,589.36,6910.64,3331.0000000000005
2026-06-05,TXN-330097,Enterprise Server Suite,Electronics,13,1200,15600,602.52,14997.48,7536.94
2026-05-25,TXN-332204,Cybersecurity Firewall V4,Software,2,600,1200,143.23,1056.77,459.15999999999997
2026-06-20,TXN-455239,Cybersecurity Firewall V4,Software,14,600,8400,515.21,7884.79,4194.0599999999995
2026-07-30,TXN-571604,Workstation Pro Setup,Electronics,9,850,7650,716.55,6933.45,3087.39
2026-08-03,TXN-396629,Workstation Pro Setup,Electronics,14,850,11900,1311.76,10588.24,5425.04
2026-04-21,TXN-846760,Enterprise Server Suite,Electronics,12,1200,14400,89.9,14310.1,7300.900000000001
2026-02-01,TXN-848423,Workstation Pro Setup,Electronics,1,850,850,131.47,718.53,299.63
2026-03-13,TXN-116061,AI Analytics API Token,SaaS,16,250,4000,151.9,3848.1,1692.0499999999997
2026-04-25,TXN-602175,AI Analytics API Token,SaaS,43,250,10750,134.9,10615.1,4728.450000000001
2026-08-09,TXN-800757,Cybersecurity Firewall V4,Software,5,600,3000,751.56,2248.44,932.04
2026-06-27,TXN-519048,Cybersecurity Firewall V4,Software,13,600,7800,1934.85,5865.15,2903.5599999999995
2026-06-26,TXN-420961,AI Analytics API Token,SaaS,15,250,3750,109.69,3640.31,1942.32
2026-03-04,TXN-242482,AI Analytics API Token,SaaS,43,250,10750,285.41,10464.59,4999.01
2026-07-03,TXN-328931,Workstation Pro Setup,Electronics,2,850,1700,210.67,1489.33,714.9899999999999
2026-08-02,TXN-681177,Cloud Workspace Pro,SaaS,47,45,2115,107.79,2007.21,1021.4200000000001
2026-02-01,TXN-302834,Enterprise Server Suite,Electronics,9,1200,10800,936.59,9863.41,5058.66
2026-07-05,TXN-825787,Workstation Pro Setup,Electronics,3,850,2550,72.55,2477.45,1331.2999999999997
2026-05-09,TXN-899687,Cloud Workspace Pro,SaaS,22,45,990,147.27,842.73,414.45000000000005
2026-08-04,TXN-930351,Cloud Workspace Pro,SaaS,8,45,360,10.72,349.28,198.04999999999998
2026-07-03,TXN-730270,Workstation Pro Setup,Electronics,8,850,6800,464.34,6335.66,3232.73
2026-02-03,TXN-961465,AI Analytics API Token,SaaS,28,250,7000,329.67,6670.33,3119.16
2026-05-28,TXN-644026,Cloud Workspace Pro,SaaS,23,45,1035,140.4,894.6,390.51000000000005
2026-07-27,TXN-377785,Enterprise Server Suite,Electronics,3,1200,3600,191.2,3408.8,1592.92
2026-06-24,TXN-746275,Cloud Workspace Pro,SaaS,27,45,1215,161.22,1053.78,443.52
2026-03-28,TXN-386073,Enterprise Server Suite,Electronics,6,1200,7200,343.1,6856.9,3860.9399999999996
2026-05-29,TXN-368733,Enterprise Server Suite,Electronics,4,1200,4800,997.14,3802.86,2190.53
2026-08-13,TXN-643597,Workstation Pro Setup,Electronics,6,850,5100,695.8,4404.2,1805.81
2026-06-29,TXN-749285,Enterprise Server Suite,Electronics,5,1200,6000,875.41,5124.59,2674.9100000000003
2026-04-23,TXN-780465,AI Analytics API Token,SaaS,48,250,12000,879.6,11120.4,5207.32
2026-05-29,TXN-929378,Workstation Pro Setup,Electronics,3,850,2550,288.97,2261.0299999999997,1059.4999999999998
2026-02-09,TXN-680086,Cloud Workspace Pro,SaaS,14,45,630,30.88,599.12,358.18
2026-07-22,TXN-343767,Cybersecurity Firewall V4,Software,5,600,3000,88.86,2911.14,1702.6299999999999
2026-07-06,TXN-618895,Cybersecurity Firewall V4,Software,6,600,3600,231.87,3368.13,1975.5900000000001
2026-01-02,TXN-380539,Enterprise Server Suite,Electronics,8,1200,9600,77.86,9522.14,4458.799999999999
2026-04-18,TXN-457820,Workstation Pro Setup,Electronics,7,850,5950,205.3,5744.7,2794.25
2026-05-05,TXN-393561,Workstation Pro Setup,Electronics,10,850,8500,1349.07,7150.93,4245.110000000001
2026-08-01,TXN-810070,Cloud Workspace Pro,SaaS,35,45,1575,12.47,1562.53,721.26
2026-01-22,TXN-434517,Cybersecurity Firewall V4,Software,1,600,600,45.51,554.49,268.64
2026-06-19,TXN-147111,Cybersecurity Firewall V4,Software,1,600,600,13.76,586.24,246.7
2026-07-09,TXN-608069,Enterprise Server Suite,Electronics,1,1200,1200,167.19,1032.81,587.4499999999999
2026-03-22,TXN-935655,Cybersecurity Firewall V4,Software,6,600,3600,610.94,2989.06,1684.23
2026-07-08,TXN-723607,Cybersecurity Firewall V4,Software,11,600,6600,1547.38,5052.62,2752.91
2026-06-12,TXN-559158,Workstation Pro Setup,Electronics,6,850,5100,692.78,4407.22,2576.84
2026-08-05,TXN-170021,Cloud Workspace Pro,SaaS,30,45,1350,189.76,1160.24,623.79
2026-07-17,TXN-683117,AI Analytics API Token,SaaS,22,250,5500,182.66,5317.34,2203.4
2026-01-13,TXN-508302,Workstation Pro Setup,Electronics,7,850,5950,609.64,5340.36,2377.99
2026-08-24,TXN-961858,AI Analytics API Token,SaaS,21,250,5250,340.32,4909.68,2718.51
2026-06-09,TXN-816944,Cloud Workspace Pro,SaaS,48,45,2160,263.95,1896.05,905.62
2026-03-12,TXN-816741,AI Analytics API Token,SaaS,5,250,1250,55.51,1194.49,537.51
2026-02-27,TXN-760187,Cybersecurity Firewall V4,Software,14,600,8400,458.08,7941.92,4516.07
2026-05-24,TXN-760673,Workstation Pro Setup,Electronics,13,850,11050,486.4,10563.6,5243.1900000000005
2026-01-31,TXN-573288,AI Analytics API Token,SaaS,12,250,3000,150.73,2849.27,1292.72
2026-08-19,TXN-790546,Cybersecurity Firewall V4,Software,2,600,1200,319.03,880.97,363.96000000000004
2026-04-13,TXN-289073,Cloud Workspace Pro,SaaS,20,45,900,54.43,845.57,380.1
2026-04-24,TXN-137034,Cybersecurity Firewall V4,Software,5,600,3000,385.61,2614.39,1186.1499999999999
2026-05-06,TXN-888089,Cybersecurity Firewall V4,Software,7,600,4200,1049.49,3150.51,1549.8600000000001
2026-08-26,TXN-859401,Workstation Pro Setup,Electronics,4,850,3400,522.33,2877.67,1438.5600000000002
2026-05-26,TXN-600741,Cloud Workspace Pro,SaaS,36,45,1620,66.68,1553.32,651.9
2026-04-22,TXN-795391,AI Analytics API Token,SaaS,7,250,1750,144.99,1605.01,734.18
2026-05-12,TXN-936309,Workstation Pro Setup,Electronics,1,850,850,123.82,726.1800000000001,385.4800000000001
2026-07-17,TXN-971158,AI Analytics API Token,SaaS,26,250,6500,86.06,6413.94,3358.0199999999995
2026-01-11,TXN-452854,Cybersecurity Firewall V4,Software,11,600,6600,1544.77,5055.23,2024.4999999999995
2026-01-14,TXN-232886,Enterprise Server Suite,Electronics,2,1200,2400,72.23,2327.77,959.73
2026-07-21,TXN-964285,AI Analytics API Token,SaaS,9,250,2250,69.12,2180.88,1070.18
2026-01-25,TXN-971448,Workstation Pro Setup,Electronics,2,850,1700,58.12,1641.88,847.8200000000002
2026-03-15,TXN-519149,Cloud Workspace Pro,SaaS,34,45,1530,23.01,1506.99,899.19
2026-04-09,TXN-412916,Workstation Pro Setup,Electronics,2,850,1700,26.11,1673.89,925.6600000000001
2026-05-29,TXN-105695,Cybersecurity Firewall V4,Software,7,600,4200,170.68,4029.32,2231.05
2026-01-02,TXN-465898,Workstation Pro Setup,Electronics,9,850,7650,642.03,7007.97,4133.83
2026-01-16,TXN-101881,Enterprise Server Suite,Electronics,3,1200,3600,353.61,3246.39,1929.2299999999998
2026-05-24,TXN-987081,Enterprise Server Suite,Electronics,12,1200,14400,1129.34,13270.66,7304.51
2026-03-17,TXN-607353,Workstation Pro Setup,Electronics,13,850,11050,1251.34,9798.66,5866.93
2026-02-28,TXN-655710,AI Analytics API Token,SaaS,31,250,7750,438.71,7311.29,3287.96
2026-04-21,TXN-539358,Workstation Pro Setup,Electronics,12,850,10200,837.41,9362.59,5311.700000000001
2026-07-28,TXN-676291,Workstation Pro Setup,Electronics,5,850,4250,74.45,4175.55,2430.2400000000002
2026-01-28,TXN-215657,Cybersecurity Firewall V4,Software,12,600,7200,620.63,6579.37,3579.5099999999998
2026-03-12,TXN-841570,Cybersecurity Firewall V4,Software,4,600,2400,354.63,2045.37,1046.37
2026-05-23,TXN-496308,Workstation Pro Setup,Electronics,14,850,11900,1315.57,10584.43,5892.88
2026-03-05,TXN-180152,Cybersecurity Firewall V4,Software,11,600,6600,1803.39,4796.61,2352.8199999999997
2026-03-11,TXN-270948,Workstation Pro Setup,Electronics,2,850,1700,138.87,1561.13,724.4600000000002
2026-07-01,TXN-426284,Workstation Pro Setup,Electronics,14,850,11900,932.75,10967.25,5051.16
2026-06-20,TXN-821827,Cybersecurity Firewall V4,Software,4,600,2400,637.98,1762.02,741.5699999999999
2026-03-14,TXN-688216,AI Analytics API Token,SaaS,23,250,5750,372.66,5377.34,2285.2400000000002
2026-05-28,TXN-683510,Enterprise Server Suite,Electronics,4,1200,4800,126.71,4673.29,2761.64
2026-05-06,TXN-144331,AI Analytics API Token,SaaS,41,250,10250,84.07,10165.93,6028.52
2026-02-03,TXN-497891,Cybersecurity Firewall V4,Software,10,600,6000,800.15,5199.85,2595.1200000000003
2026-05-27,TXN-110068,Cloud Workspace Pro,SaaS,34,45,1530,80.74,1449.26,648.78
2026-07-08,TXN-347667,AI Analytics API Token,SaaS,35,250,8750,409.22,8340.78,3971.2300000000005
2026-05-18,TXN-468655,Cloud Workspace Pro,SaaS,6,45,270,13.38,256.62,125.00999999999999
2026-02-15,TXN-878580,Cybersecurity Firewall V4,Software,11,600,6600,552.3,6047.7,3472.3799999999997
2026-01-04,TXN-183291,Cloud Workspace Pro,SaaS,16,45,720,4.33,715.67,302.03
2026-08-12,TXN-851209,Enterprise Server Suite,Electronics,12,1200,14400,2811.31,11588.69,5118.81
2026-01-24,TXN-141777,Workstation Pro Setup,Electronics,12,850,10200,124.45,10075.55,5465.32
2026-06-20,TXN-840122,AI Analytics API Token,SaaS,49,250,12250,165.47,12084.53,6883.89
2026-04-23,TXN-834803,Cloud Workspace Pro,SaaS,20,45,900,0.73,899.27,539.3199999999999
2026-06-15,TXN-919497,Workstation Pro Setup,Electronics,9,850,7650,28.13,7621.87,3865.71
2026-02-09,TXN-544718,Enterprise Server Suite,Electronics,13,1200,15600,2578.45,13021.55,6114.3099999999995
2026-06-14,TXN-785338,Cybersecurity Firewall V4,Software,6,600,3600,131.77,3468.23,1594.43
2026-02-10,TXN-891975,Cloud Workspace Pro,SaaS,36,45,1620,116.28,1503.72,622.88
2026-03-14,TXN-300417,Workstation Pro Setup,Electronics,10,850,8500,23.26,8476.74,4947.709999999999
2026-06-25,TXN-312603,Workstation Pro Setup,Electronics,7,850,5950,751.34,5198.66,2675.8599999999997
2026-06-13,TXN-631740,AI Analytics API Token,SaaS,6,250,1500,99.57,1400.43,569.8900000000001
2026-01-15,TXN-247735,Workstation Pro Setup,Electronics,5,850,4250,490.35,3759.65,1831.76
2026-05-29,TXN-776513,Cloud Workspace Pro,SaaS,18,45,810,102.04,707.96,406.73
2026-05-08,TXN-703555,Cloud Workspace Pro,SaaS,16,45,720,16.27,703.73,302.38
2026-01-22,TXN-651852,Cybersecurity Firewall V4,Software,4,600,2400,435.95,1964.05,1057.49
2026-06-13,TXN-633903,Workstation Pro Setup,Electronics,2,850,1700,197.61,1502.3899999999999,825.2199999999999
2026-07-06,TXN-659070,Cybersecurity Firewall V4,Software,4,600,2400,234.59,2165.41,1243.9099999999999
2026-07-25,TXN-965990,Workstation Pro Setup,Electronics,1,850,850,113.06,736.94,360.13000000000005
2026-02-15,TXN-657665,Workstation Pro Setup,Electronics,1,850,850,141.36,708.64,295.02
2026-01-05,TXN-253466,Cybersecurity Firewall V4,Software,11,600,6600,796.01,5803.99,2636.24
2026-07-25,TXN-776315,AI Analytics API Token,SaaS,37,250,9250,12.61,9237.39,4946.2
2026-03-24,TXN-673212,Cybersecurity Firewall V4,Software,11,600,6600,1630.74,4969.26,2088.2900000000004
2026-03-11,TXN-708986,Enterprise Server Suite,Electronics,6,1200,7200,1199.28,6000.72,2413.69
2026-03-30,TXN-671302,Enterprise Server Suite,Electronics,4,1200,4800,165.62,4634.38,2705.5200000000004
2026-08-27,TXN-980147,AI Analytics API Token,SaaS,33,250,8250,72.31,8177.69,4798.98
2026-02-15,TXN-911136,AI Analytics API Token,SaaS,5,250,1250,40.0,1210.0,610.7
2026-03-22,TXN-416527,Cloud Workspace Pro,SaaS,33,45,1485,191.47,1293.53,622.89
2026-06-28,TXN-861195,Enterprise Server Suite,Electronics,3,1200,3600,664.66,2935.34,1369.8500000000001
2026-07-23,TXN-771986,Workstation Pro Setup,Electronics,13,850,11050,567.4,10482.6,4603.76
2026-01-19,TXN-808024,AI Analytics API Token,SaaS,49,250,12250,955.93,11294.07,5254.679999999999
2026-03-27,TXN-613066,Workstation Pro Setup,Electronics,4,850,3400,334.6,3065.4,1350.92
2026-07-30,TXN-591818,Workstation Pro Setup,Electronics,8,850,6800,1310.33,5489.67,3175.1800000000003
2026-03-18,TXN-163014,Workstation Pro Setup,Electronics,9,850,7650,131.63,7518.37,4425.27
2026-06-28,TXN-836778,Workstation Pro Setup,Electronics,7,850,5950,278.15,5671.85,2679.6400000000003
2026-02-07,TXN-986643,Cloud Workspace Pro,SaaS,47,45,2115,86.22,2028.78,1055.3
2026-08-18,TXN-505831,Enterprise Server Suite,Electronics,10,1200,12000,461.76,11538.24,4668.3
2026-07-06,TXN-188422,Workstation Pro Setup,Electronics,6,850,5100,911.51,4188.49,2450.5699999999997
2026-03-02,TXN-721195,Workstation Pro Setup,Electronics,9,850,7650,1071.66,6578.34,2933.3500000000004
2026-06-20,TXN-453548,AI Analytics API Token,SaaS,41,250,10250,21.46,10228.54,5491.140000000001
2026-03-30,TXN-915363,Cybersecurity Firewall V4,Software,6,600,3600,327.26,3272.74,1330.9899999999998
2026-03-16,TXN-785493,Enterprise Server Suite,Electronics,7,1200,8400,953.79,7446.21,3853.7400000000002
2026-08-21,TXN-813016,Cybersecurity Firewall V4,Software,7,600,4200,400.66,3799.34,1839.0800000000002
2026-01-26,TXN-258477,Enterprise Server Suite,Electronics,6,1200,7200,840.11,6359.89,3718.34
2026-03-19,TXN-642445,AI Analytics API Token,SaaS,34,250,8500,424.41,8075.59,4673.610000000001
2026-06-07,TXN-232018,Workstation Pro Setup,Electronics,13,850,11050,1928.57,9121.43,4648.12
2026-04-12,TXN-201894,Cloud Workspace Pro,SaaS,42,45,1890,129.1,1760.9,910.4000000000001
2026-01-22,TXN-183384,Enterprise Server Suite,Electronics,2,1200,2400,118.58,2281.42,1286.48
2026-05-15,TXN-594080,Cybersecurity Firewall V4,Software,2,600,1200,144.53,1055.47,561.9100000000001
2026-08-24,TXN-489546,Cybersecurity Firewall V4,Software,12,600,7200,351.35,6848.65,3103.3099999999995
2026-08-06,TXN-982876,Workstation Pro Setup,Electronics,1,850,850,7.13,842.87,444.42
2026-02-04,TXN-867610,Cybersecurity Firewall V4,Software,8,600,4800,1156.34,3643.66,1792.4799999999998
2026-02-12,TXN-886939,AI Analytics API Token,SaaS,36,250,9000,817.22,8182.78,4261.08
2026-06-06,TXN-595919,AI Analytics API Token,SaaS,35,250,8750,521.22,8228.78,4804.59
2026-06-23,TXN-396213,Cloud Workspace Pro,SaaS,43,45,1935,145.85,1789.15,1001.6500000000001
2026-07-22,TXN-475897,Cloud Workspace Pro,SaaS,48,45,2160,296.72,1863.28,983.89
2026-06-30,TXN-105209,Cybersecurity Firewall V4,Software,1,600,600,58.16,541.84,218.06000000000006
2026-08-25,TXN-308785,Workstation Pro Setup,Electronics,8,850,6800,1090.29,5709.71,2889.66
2026-04-05,TXN-549764,Cybersecurity Firewall V4,Software,14,600,8400,1694.07,6705.93,3378.07
2026-01-12,TXN-863638,AI Analytics API Token,SaaS,43,250,10750,1056.21,9693.79,5649.280000000001
2026-01-29,TXN-777555,Enterprise Server Suite,Electronics,11,1200,13200,436.19,12763.81,6535.44
2026-08-19,TXN-355658,Cybersecurity Firewall V4,Software,12,600,7200,117.86,7082.14,3400.1900000000005
2026-07-29,TXN-198234,Workstation Pro Setup,Electronics,6,850,5100,220.66,4879.34,2495.71
2026-04-05,TXN-424464,Cloud Workspace Pro,SaaS,15,45,675,83.67,591.33,285.26000000000005
2026-04-08,TXN-577317,Cybersecurity Firewall V4,Software,8,600,4800,798.75,4001.25,1739.8000000000002
2026-06-19,TXN-882479,Enterprise Server Suite,Electronics,7,1200,8400,1256.98,7143.02,3694.1700000000005
2026-04-05,TXN-207449,Workstation Pro Setup,Electronics,12,850,10200,29.24,10170.76,5129.45
2026-06-22,TXN-439386,Cybersecurity Firewall V4,Software,7,600,4200,992.56,3207.44,1742.69
2026-03-15,TXN-675610,AI Analytics API Token,SaaS,43,250,10750,401.84,10348.16,4914.69
2026-04-21,TXN-566978,AI Analytics API Token,SaaS,23,250,5750,426.82,5323.18,2933.9600000000005
2026-01-06,TXN-581799,Workstation Pro Setup,Electronics,6,850,5100,521.94,4578.0599999999995,2304.3299999999995
2026-05-02,TXN-391975,Workstation Pro Setup,Electronics,4,850,3400,4.99,3395.01,2019.4800000000002
2026-03-28,TXN-418796,Cybersecurity Firewall V4,Software,3,600,1800,474.14,1325.8600000000001,647.5800000000002
2026-03-12,TXN-191563,Cloud Workspace Pro,SaaS,45,45,2025,274.21,1750.79,866.68
2026-01-01,TXN-742416,Cloud Workspace Pro,SaaS,47,45,2115,186.93,1928.07,981.67
2026-08-05,TXN-814221,Cloud Workspace Pro,SaaS,16,45,720,106.28,613.72,270.47
2026-04-22,TXN-213604,Enterprise Server Suite,Electronics,4,1200,4800,429.77,4370.23,1757.2599999999998
2026-06-20,TXN-150971,Enterprise Server Suite,Electronics,2,1200,2400,556.83,1843.17,1072.3000000000002
2026-05-26,TXN-710414,AI Analytics API Token,SaaS,32,250,8000,513.46,7486.54,3876.85
2026-05-17,TXN-252545,Workstation Pro Setup,Electronics,12,850,10200,684.16,9515.84,5372.49
2026-08-28,TXN-865359,AI Analytics API Token,SaaS,30,250,7500,449.52,7050.48,3202.8099999999995
2026-08-19,TXN-518641,Cybersecurity Firewall V4,Software,13,600,7800,396.64,7403.36,4366.539999999999
2026-04-21,TXN-956238,Cloud Workspace Pro,SaaS,6,45,270,23.8,246.2,142.19
2026-03-04,TXN-955754,Workstation Pro Setup,Electronics,13,850,11050,620.13,10429.87,5527.960000000001
2026-05-27,TXN-342037,AI Analytics API Token,SaaS,43,250,10750,258.72,10491.28,4460.250000000001
2026-02-14,TXN-930326,Workstation Pro Setup,Electronics,8,850,6800,543.09,6256.91,3241.49
2026-08-02,TXN-601691,AI Analytics API Token,SaaS,22,250,5500,445.76,5054.24,2756.9399999999996
2026-07-06,TXN-414493,Enterprise Server Suite,Electronics,3,1200,3600,469.7,3130.3,1835.6200000000001
2026-06-26,TXN-838471,Cybersecurity Firewall V4,Software,10,600,6000,1602.25,4397.75,2064.94
2026-03-21,TXN-991407,Cybersecurity Firewall V4,Software,14,600,8400,1309.42,7090.58,2841.16
2026-01-28,TXN-333462,AI Analytics API Token,SaaS,49,250,12250,162.94,12087.06,6868.499999999999
2026-08-02,TXN-372448,Cybersecurity Firewall V4,Software,10,600,6000,1632.68,4367.32,1754.3199999999997
2026-05-14,TXN-723773,AI Analytics API Token,SaaS,27,250,6750,326.57,6423.43,3316.5600000000004
2026-03-18,TXN-358360,AI Analytics API Token,SaaS,22,250,5500,316.58,5183.42,2942.67
2026-04-13,TXN-555982,AI Analytics API Token,SaaS,49,250,12250,275.14,11974.86,7019.3
2026-06-17,TXN-618490,AI Analytics API Token,SaaS,46,250,11500,543.98,10956.02,6478.700000000001
2026-05-14,TXN-954548,AI Analytics API Token,SaaS,13,250,3250,242.04,3007.96,1556.68
2026-03-31,TXN-505237,Cybersecurity Firewall V4,Software,13,600,7800,1030.86,6769.14,3631.9100000000003
2026-04-27,TXN-947929,Workstation Pro Setup,Electronics,1,850,850,117.98,732.02,412.46
2026-02-10,TXN-889313,AI Analytics API Token,SaaS,42,250,10500,95.87,10404.13,5579.339999999999
2026-06-17,TXN-351839,AI Analytics API Token,SaaS,39,250,9750,59.38,9690.62,5754.420000000001
2026-04-26,TXN-122499,Cybersecurity Firewall V4,Software,8,600,4800,750.78,4049.2200000000003,1703.4500000000003
2026-06-02,TXN-243704,Cybersecurity Firewall V4,Software,1,600,600,155.1,444.9,215.58999999999997
2026-05-24,TXN-546991,Cloud Workspace Pro,SaaS,33,45,1485,180.46,1304.54,670.62
2026-07-01,TXN-183791,AI Analytics API Token,SaaS,13,250,3250,185.94,3064.06,1727.6499999999999
2026-08-24,TXN-331444,Cloud Workspace Pro,SaaS,38,45,1710,111.83,1598.17,769.0200000000001
2026-05-02,TXN-147645,Enterprise Server Suite,Electronics,11,1200,13200,289.7,12910.3,7302.509999999999
2026-01-18,TXN-917166,Workstation Pro Setup,Electronics,8,850,6800,544.43,6255.57,2737.6
2026-01-04,TXN-608175,Enterprise Server Suite,Electronics,13,1200,15600,3114.76,12485.24,5162.0199999999995
2026-05-23,TXN-896305,AI Analytics API Token,SaaS,9,250,2250,103.17,2146.83,1045.6799999999998
2026-04-21,TXN-902121,Cloud Workspace Pro,SaaS,33,45,1485,207.55,1277.45,511.76
2026-07-08,TXN-825512,Enterprise Server Suite,Electronics,8,1200,9600,1532.37,8067.63,4324.66
2026-08-10,TXN-350231,Cybersecurity Firewall V4,Software,11,600,6600,436.89,6163.11,3527.6099999999997
2026-05-21,TXN-132966,Workstation Pro Setup,Electronics,5,850,4250,203.21,4046.79,1814.5500000000002
2026-05-10,TXN-947516,Workstation Pro Setup,Electronics,7,850,5950,738.24,5211.76,2289.26
2026-07-25,TXN-369745,Cloud Workspace Pro,SaaS,9,45,405,46.53,358.47,165.49000000000004
2026-01-20,TXN-365228,Workstation Pro Setup,Electronics,7,850,5950,155.55,5794.45,2698.23
2026-05-02,TXN-144130,Workstation Pro Setup,Electronics,10,850,8500,1234.39,7265.61,3826.1299999999997
2026-03-23,TXN-323034,AI Analytics API Token,SaaS,24,250,6000,447.13,5552.87,3073.8199999999997
2026-07-07,TXN-684718,AI Analytics API Token,SaaS,20,250,5000,406.04,4593.96,1998.1799999999998
2026-08-05,TXN-105586,Workstation Pro Setup,Electronics,7,850,5950,910.58,5039.42,2879.36
2026-04-12,TXN-838447,Workstation Pro Setup,Electronics,7,850,5950,30.43,5919.57,2618.85
2026-04-21,TXN-319730,AI Analytics API Token,SaaS,12,250,3000,24.72,2975.28,1428.15
2026-02-11,TXN-110785,Enterprise Server Suite,Electronics,13,1200,15600,3348.92,12251.08,5250.25
2026-02-05,TXN-819132,Enterprise Server Suite,Electronics,6,1200,7200,1242.58,5957.42,2448.4700000000003
2026-05-06,TXN-410809,Enterprise Server Suite,Electronics,7,1200,8400,1051.22,7348.78,3460.2099999999996
2026-05-07,TXN-154460,AI Analytics API Token,SaaS,38,250,9500,60.5,9439.5,5329.3
2026-03-19,TXN-216582,AI Analytics API Token,SaaS,30,250,7500,63.19,7436.81,3446.7300000000005
2026-08-10,TXN-152949,AI Analytics API Token,SaaS,12,250,3000,261.38,2738.62,1484.6399999999999
2026-02-28,TXN-566933,Enterprise Server Suite,Electronics,13,1200,15600,2749.66,12850.34,5803.27
2026-07-15,TXN-872378,AI Analytics API Token,SaaS,7,250,1750,29.55,1720.45,1013.8100000000001
2026-01-01,TXN-382152,AI Analytics API Token,SaaS,20,250,5000,424.55,4575.45,2394.43
2026-05-03,TXN-826499,AI Analytics API Token,SaaS,46,250,11500,631.25,10868.75,6109.99
2026-06-14,TXN-511012,Enterprise Server Suite,Electronics,11,1200,13200,1994.23,11205.77,5690.52
2026-02-17,TXN-111516,AI Analytics API Token,SaaS,39,250,9750,817.88,8932.12,4160.56
2026-03-02,TXN-371409,Enterprise Server Suite,Electronics,12,1200,14400,2611.34,11788.66,6807.74
2026-07-25,TXN-923857,Cloud Workspace Pro,SaaS,19,45,855,9.09,845.91,448.36999999999995
2026-02-05,TXN-337919,AI Analytics API Token,SaaS,17,250,4250,126.77,4123.23,1834.4199999999996
2026-07-08,TXN-202478,Workstation Pro Setup,Electronics,1,850,850,37.66,812.34,478.28000000000003
2026-08-24,TXN-236668,Enterprise Server Suite,Electronics,13,1200,15600,2030.12,13569.880000000001,6945.970000000001
2026-06-08,TXN-655393,Cybersecurity Firewall V4,Software,9,600,5400,224.16,5175.84,2088.2000000000003
2026-07-28,TXN-989171,Cybersecurity Firewall V4,Software,14,600,8400,2190.32,6209.68,3067.5000000000005
2026-03-26,TXN-381209,Cybersecurity Firewall V4,Software,5,600,3000,735.86,2264.14,953.1799999999998
2026-05-08,TXN-792353,Enterprise Server Suite,Electronics,11,1200,13200,1511.49,11688.51,6413.14
2026-05-12,TXN-653958,Cybersecurity Firewall V4,Software,7,600,4200,404.28,3795.7200000000003,1824.9400000000003
2026-08-05,TXN-294152,Cybersecurity Firewall V4,Software,5,600,3000,828.62,2171.38,1153.0
2026-06-14,TXN-583178,Enterprise Server Suite,Electronics,5,1200,6000,1293.11,4706.89,2724.9100000000003
2026-04-10,TXN-753841,Cloud Workspace Pro,SaaS,33,45,1485,26.81,1458.19,855.2
2026-03-12,TXN-955121,Enterprise Server Suite,Electronics,1,1200,1200,211.67,988.33,532.1800000000001
2026-01-27,TXN-578646,AI Analytics API Token,SaaS,36,250,9000,639.9,8360.1,4623.97
2026-08-16,TXN-171537,Workstation Pro Setup,Electronics,6,850,5100,110.19,4989.81,2761.7200000000003
2026-04-16,TXN-433936,Enterprise Server Suite,Electronics,13,1200,15600,316.54,15283.46,7787.829999999999
2026-08-17,TXN-395830,AI Analytics API Token,SaaS,43,250,10750,876.2,9873.8,4191.5199999999995
2026-07-01,TXN-404962,AI Analytics API Token,SaaS,34,250,8500,661.34,7838.66,3980.89
2026-03-12,TXN-226457,Cloud Workspace Pro,SaaS,46,45,2070,174.63,1895.37,1031.29
2026-07-12,TXN-414260,Workstation Pro Setup,Electronics,14,850,11900,948.77,10951.23,4680.73
2026-08-06,TXN-329047,Enterprise Server Suite,Electronics,11,1200,13200,1075.41,12124.59,4961.28
2026-06-28,TXN-952208,Workstation Pro Setup,Electronics,8,850,6800,93.36,6706.64,2693.5400000000004
2026-04-23,TXN-780546,AI Analytics API Token,SaaS,26,250,6500,361.11,6138.89,3325.61
2026-03-03,TXN-552082,Cybersecurity Firewall V4,Software,6,600,3600,1055.7,2544.3,1115.4900000000002
2026-06-18,TXN-782385,Cloud Workspace Pro,SaaS,38,45,1710,215.46,1494.54,795.3
2026-05-02,TXN-969485,Enterprise Server Suite,Electronics,6,1200,7200,576.72,6623.28,3756.3399999999997
2026-07-03,TXN-717585,AI Analytics API Token,SaaS,23,250,5750,187.61,5562.39,3314.34
2026-05-05,TXN-106464,Enterprise Server Suite,Electronics,4,1200,4800,1037.58,3762.42,2168.16
2026-06-28,TXN-656922,Enterprise Server Suite,Electronics,11,1200,13200,2435.01,10764.99,6159.719999999999
2026-03-02,TXN-204127,Cloud Workspace Pro,SaaS,20,45,900,15.6,884.4,382.69
2026-06-20,TXN-119782,Enterprise Server Suite,Electronics,9,1200,10800,2168.05,8631.95,3485.9400000000005
2026-04-18,TXN-874751,Cloud Workspace Pro,SaaS,49,45,2205,130.09,2074.91,1018.9699999999998
2026-05-27,TXN-331237,Cloud Workspace Pro,SaaS,14,45,630,18.36,611.64,312.28
2026-05-30,TXN-660185,Enterprise Server Suite,Electronics,4,1200,4800,796.04,4003.96,2307.7
2026-07-17,TXN-680118,AI Analytics API Token,SaaS,22,250,5500,121.28,5378.72,3027.19
2026-06-03,TXN-484096,Cybersecurity Firewall V4,Software,7,600,4200,328.76,3871.24,1572.02
2026-07-26,TXN-725732,Workstation Pro Setup,Electronics,13,850,11050,1884.97,9165.03,5286.710000000001
2026-03-02,TXN-972143,Cloud Workspace Pro,SaaS,37,45,1665,126.91,1538.09,732.06
2026-03-19,TXN-987196,Cybersecurity Firewall V4,Software,10,600,6000,1382.35,4617.65,2190.0899999999997
2026-02-03,TXN-156633,Enterprise Server Suite,Electronics,9,1200,10800,1434.0,9366.0,4222.72
2026-02-01,TXN-183123,Cloud Workspace Pro,SaaS,47,45,2115,21.9,2093.1,1115.71
2026-08-12,TXN-866868,Cloud Workspace Pro,SaaS,11,45,495,61.24,433.76,200.5
2026-05-06,TXN-317070,Workstation Pro Setup,Electronics,1,850,850,72.42,777.58,316.05000000000007
2026-06-19,TXN-947374,AI Analytics API Token,SaaS,16,250,4000,240.38,3759.62,1732.37
2026-03-03,TXN-776337,AI Analytics API Token,SaaS,32,250,8000,163.27,7836.73,3966.8899999999994
2026-07-05,TXN-644344,Cloud Workspace Pro,SaaS,40,45,1800,139.67,1660.33,859.02
2026-08-03,TXN-696682,Workstation Pro Setup,Electronics,6,850,5100,73.72,5026.28,2436.9599999999996
2026-03-15,TXN-104136,Enterprise Server Suite,Electronics,5,1200,6000,540.59,5459.41,3180.5699999999997
2026-06-22,TXN-334847,Enterprise Server Suite,Electronics,1,1200,1200,69.48,1130.52,486.37
2026-05-01,TXN-785328,Workstation Pro Setup,Electronics,14,850,11900,1933.34,9966.66,5296.599999999999
2026-04-27,TXN-299316,Cloud Workspace Pro,SaaS,34,45,1530,47.23,1482.77,669.75
2026-05-26,TXN-572617,Cybersecurity Firewall V4,Software,8,600,4800,116.57,4683.43,1988.9500000000003
2026-08-28,TXN-529069,Workstation Pro Setup,Electronics,5,850,4250,509.47,3740.5299999999997,2093.75
2026-06-26,TXN-173591,Cybersecurity Firewall V4,Software,4,600,2400,685.48,1714.52,775.67
2026-02-16,TXN-927150,AI Analytics API Token,SaaS,48,250,12000,59.53,11940.47,6550.389999999999
2026-08-08,TXN-899448,Cybersecurity Firewall V4,Software,7,600,4200,937.32,3262.68,1357.7899999999997
2026-06-03,TXN-750370,Cloud Workspace Pro,SaaS,32,45,1440,134.84,1305.16,566.6000000000001
2026-07-13,TXN-934123,Enterprise Server Suite,Electronics,10,1200,12000,1660.68,10339.32,5584.82
2026-06-26,TXN-841063,AI Analytics API Token,SaaS,47,250,11750,935.65,10814.35,4687.070000000001
2026-02-21,TXN-795139,Workstation Pro Setup,Electronics,5,850,4250,511.18,3738.82,1989.64
2026-05-24,TXN-189353,Cybersecurity Firewall V4,Software,6,600,3600,426.66,3173.34,1871.4700000000003
2026-04-28,TXN-399155,Cloud Workspace Pro,SaaS,12,45,540,60.67,479.33,253.38
2026-03-21,TXN-800614,Enterprise Server Suite,Electronics,14,1200,16800,2291.92,14508.08,8112.73
2026-06-10,TXN-558819,Cloud Workspace Pro,SaaS,49,45,2205,125.84,2079.16,1203.37
2026-06-03,TXN-125739,AI Analytics API Token,SaaS,6,250,1500,64.07,1435.93,725.1200000000001
2026-08-06,TXN-930049,Workstation Pro Setup,Electronics,1,850,850,120.24,729.76,401.05
2026-08-24,TXN-969953,Cloud Workspace Pro,SaaS,25,45,1125,34.76,1090.24,653.94
2026-08-22,TXN-892879,Enterprise Server Suite,Electronics,7,1200,8400,508.94,7891.06,3687.79
2026-05-04,TXN-850774,Cloud Workspace Pro,SaaS,24,45,1080,138.83,941.17,388.0
2026-01-12,TXN-963787,Cloud Workspace Pro,SaaS,40,45,1800,112.94,1687.06,907.8399999999999
2026-08-26,TXN-407322,Cybersecurity Firewall V4,Software,4,600,2400,85.95,2314.05,1236.7000000000003
2026-08-10,TXN-869042,Cybersecurity Firewall V4,Software,3,600,1800,103.54,1696.46,829.4000000000001
2026-01-06,TXN-684326,Workstation Pro Setup,Electronics,11,850,9350,1592.13,7757.87,4523.98
2026-07-06,TXN-622820,Cybersecurity Firewall V4,Software,11,600,6600,542.76,6057.24,2631.66
2026-01-23,TXN-515685,Cybersecurity Firewall V4,Software,5,600,3000,107.2,2892.8,1654.3700000000001
2026-01-17,TXN-206311,Cloud Workspace Pro,SaaS,25,45,1125,126.23,998.77,432.15999999999997
2026-04-16,TXN-733609,Cybersecurity Firewall V4,Software,3,600,1800,165.38,1634.62,894.1099999999999
2026-05-20,TXN-145689,Workstation Pro Setup,Electronics,7,850,5950,308.1,5641.9,3325.5299999999997
2026-05-25,TXN-991659,Enterprise Server Suite,Electronics,3,1200,3600,272.5,3327.5,1642.14
2026-04-13,TXN-128885,Workstation Pro Setup,Electronics,10,850,8500,282.63,8217.37,4306.330000000001
2026-05-01,TXN-121584,Workstation Pro Setup,Electronics,2,850,1700,247.39,1452.6100000000001,603.5300000000001
2026-03-15,TXN-480350,Cloud Workspace Pro,SaaS,10,45,450,12.96,437.04,203.95000000000002
2026-07-04,TXN-700699,Workstation Pro Setup,Electronics,9,850,7650,624.07,7025.93,3822.6200000000003
2026-02-22,TXN-123331,Workstation Pro Setup,Electronics,10,850,8500,1382.35,7117.65,3904.0599999999995
2026-08-09,TXN-949649,Cloud Workspace Pro,SaaS,16,45,720,54.72,665.28,285.27
2026-08-01,TXN-262007,Cybersecurity Firewall V4,Software,12,600,7200,749.53,6450.47,2666.7900000000004
2026-03-28,TXN-894300,Enterprise Server Suite,Electronics,1,1200,1200,217.41,982.59,425.18000000000006
2026-02-13,TXN-445744,Workstation Pro Setup,Electronics,10,850,8500,1564.91,6935.09,4144.41
2026-02-20,TXN-311655,Cloud Workspace Pro,SaaS,42,45,1890,137.5,1752.5,1021.57
2026-05-29,TXN-935002,Cybersecurity Firewall V4,Software,9,600,5400,383.31,5016.69,2524.8999999999996
2026-01-18,TXN-675770,Workstation Pro Setup,Electronics,9,850,7650,698.93,6951.07,2994.9799999999996
2026-03-15,TXN-911032,Enterprise Server Suite,Electronics,4,1200,4800,453.59,4346.41,1754.92
2026-03-16,TXN-764006,Cloud Workspace Pro,SaaS,44,45,1980,247.75,1732.25,998.48
2026-08-20,TXN-937860,Enterprise Server Suite,Electronics,5,1200,6000,376.34,5623.66,3261.0899999999997
2026-08-14,TXN-749837,Workstation Pro Setup,Electronics,3,850,2550,439.01,2110.99,1120.4299999999998
2026-03-29,TXN-534352,Cybersecurity Firewall V4,Software,14,600,8400,924.33,7475.67,4336.639999999999
2026-05-19,TXN-882119,Cloud Workspace Pro,SaaS,30,45,1350,175.18,1174.82,563.7299999999999
2026-03-30,TXN-459698,Workstation Pro Setup,Electronics,10,850,8500,1072.31,7427.6900000000005,3779.7300000000005
2026-07-05,TXN-409044,AI Analytics API Token,SaaS,20,250,5000,159.02,4840.98,2009.3499999999995
2026-05-16,TXN-125938,Cloud Workspace Pro,SaaS,9,45,405,10.0,395.0,231.95
2026-01-29,TXN-365470,AI Analytics API Token,SaaS,30,250,7500,386.48,7113.52,4122.47
2026-03-17,TXN-409732,Cloud Workspace Pro,SaaS,15,45,675,75.27,599.73,295.93
2026-08-02,TXN-623225,Workstation Pro Setup,Electronics,2,850,1700,3.59,1696.41,884.1400000000001
2026-03-29,TXN-815295,Workstation Pro Setup,Electronics,7,850,5950,692.25,5257.75,2348.8
2026-01-15,TXN-383816,Cybersecurity Firewall V4,Software,13,600,7800,1517.92,6282.08,2639.42
2026-06-30,TXN-727751,Cloud Workspace Pro,SaaS,19,45,855,25.88,829.12,346.77
2026-06-05,TXN-258272,AI Analytics API Token,SaaS,19,250,4750,87.42,4662.58,2092.15
2026-05-12,TXN-450036,AI Analytics API Token,SaaS,48,250,12000,739.95,11260.05,6665.199999999999
2026-08-28,TXN-938092,Cybersecurity Firewall V4,Software,13,600,7800,1036.22,6763.78,2912.12
2026-05-31,TXN-156116,AI Analytics API Token,SaaS,20,250,5000,170.93,4829.07,1945.3399999999997
2026-04-16,TXN-286720,Enterprise Server Suite,Electronics,12,1200,14400,1604.97,12795.03,5587.1900000000005
2026-08-08,TXN-497595,Enterprise Server Suite,Electronics,12,1200,14400,1450.91,12949.09,6126.07
2026-02-25,TXN-983302,AI Analytics API Token,SaaS,9,250,2250,219.82,2030.18,1142.21
2026-04-16,TXN-856547,Cybersecurity Firewall V4,Software,10,600,6000,654.13,5345.87,2204.44
2026-06-30,TXN-977311,Enterprise Server Suite,Electronics,7,1200,8400,1471.7,6928.3,3096.51
2026-02-20,TXN-417188,Cloud Workspace Pro,SaaS,47,45,2115,253.16,1861.84,842.0899999999999
2026-08-09,TXN-955953,AI Analytics API Token,SaaS,14,250,3500,106.57,3393.43,1368.9499999999998
2026-03-21,TXN-979554,Workstation Pro Setup,Electronics,9,850,7650,619.88,7030.12,3882.0099999999998
2026-01-09,TXN-193246,Cybersecurity Firewall V4,Software,5,600,3000,162.59,2837.41,1164.6499999999999
2026-05-01,TXN-287646,Cloud Workspace Pro,SaaS,45,45,2025,180.14,1844.8600000000001,926.4000000000001
2026-06-22,TXN-795923,Cloud Workspace Pro,SaaS,19,45,855,37.41,817.59,339.41
2026-03-10,TXN-419248,Cloud Workspace Pro,SaaS,46,45,2070,114.68,1955.32,913.6299999999999
2026-04-22,TXN-665158,AI Analytics API Token,SaaS,31,250,7750,670.82,7079.18,3430.26
2026-03-31,TXN-829520,Enterprise Server Suite,Electronics,14,1200,16800,2791.9,14008.1,7230.04
2026-02-28,TXN-399479,Enterprise Server Suite,Electronics,4,1200,4800,605.56,4194.4400000000005,2510.5000000000005
2026-08-20,TXN-532601,AI Analytics API Token,SaaS,47,250,11750,589.79,11160.21,4665.119999999999
2026-03-21,TXN-146015,Enterprise Server Suite,Electronics,13,1200,15600,3371.03,12228.97,6219.929999999999
2026-08-10,TXN-596753,Workstation Pro Setup,Electronics,14,850,11900,2300.76,9599.24,4421.09
2026-05-04,TXN-374270,Enterprise Server Suite,Electronics,12,1200,14400,1978.98,12421.02,6416.290000000001
2026-02-13,TXN-929590,Cloud Workspace Pro,SaaS,27,45,1215,28.88,1186.12,696.9199999999998
2026-06-05,TXN-923628,Cybersecurity Firewall V4,Software,5,600,3000,261.79,2738.21,1385.8600000000001
2026-05-27,TXN-310387,Cybersecurity Firewall V4,Software,2,600,1200,63.24,1136.76,565.38
2026-02-21,TXN-555796,AI Analytics API Token,SaaS,49,250,12250,246.72,12003.28,7179.06
2026-03-09,TXN-905855,AI Analytics API Token,SaaS,38,250,9500,779.52,8720.48,5219.83
2026-02-11,TXN-572585,Enterprise Server Suite,Electronics,13,1200,15600,204.68,15395.32,7850.889999999999
2026-04-12,TXN-472454,AI Analytics API Token,SaaS,25,250,6250,60.43,6189.57,2821.8799999999997
2026-03-19,TXN-407268,Cybersecurity Firewall V4,Software,14,600,8400,99.19,8300.81,4944.219999999999
2026-02-27,TXN-654661,Enterprise Server Suite,Electronics,14,1200,16800,1964.43,14835.57,7103.58
2026-06-20,TXN-662167,AI Analytics API Token,SaaS,40,250,10000,561.94,9438.06,5451.549999999999
2026-04-07,TXN-308137,Cybersecurity Firewall V4,Software,11,600,6600,1060.37,5539.63,2795.32
2026-04-05,TXN-354043,Enterprise Server Suite,Electronics,1,1200,1200,235.56,964.44,484.65000000000003
2026-05-07,TXN-210084,Workstation Pro Setup,Electronics,4,850,3400,372.17,3027.83,1277.48
2026-04-30,TXN-784050,Cybersecurity Firewall V4,Software,2,600,1200,116.76,1083.24,443.65999999999997
2026-05-08,TXN-861058,Enterprise Server Suite,Electronics,1,1200,1200,176.29,1023.71,446.22
2026-08-21,TXN-114390,AI Analytics API Token,SaaS,29,250,7250,318.68,6931.32,3451.16
2026-07-31,TXN-124502,Workstation Pro Setup,Electronics,12,850,10200,177.41,10022.59,5405.74
2026-04-22,TXN-687073,AI Analytics API Token,SaaS,17,250,4250,147.56,4102.44,1809.8499999999995
2026-01-19,TXN-901555,AI Analytics API Token,SaaS,11,250,2750,156.8,2593.2,1239.4499999999998
2026-03-14,TXN-262403,Enterprise Server Suite,Electronics,11,1200,13200,850.19,12349.81,6298.539999999999
2026-01-19,TXN-676250,Enterprise Server Suite,Electronics,5,1200,6000,1493.13,4506.87,2444.97
2026-07-18,TXN-794245,Enterprise Server Suite,Electronics,7,1200,8400,851.86,7548.14,4273.51
2026-06-02,TXN-872291,Cybersecurity Firewall V4,Software,14,600,8400,1255.8,7144.2,3424.58
2026-02-20,TXN-211825,Cybersecurity Firewall V4,Software,2,600,1200,32.6,1167.4,544.4700000000001
2026-01-17,TXN-682943,AI Analytics API Token,SaaS,39,250,9750,13.32,9736.68,4097.7300000000005
2026-01-09,TXN-160186,Workstation Pro Setup,Electronics,8,850,6800,456.75,6343.25,3154.03
2026-07-30,TXN-573196,Cybersecurity Firewall V4,Software,12,600,7200,1523.86,5676.14,3192.82
2026-05-09,TXN-981809,Cloud Workspace Pro,SaaS,36,45,1620,157.54,1462.46,727.99
2026-04-22,TXN-592508,AI Analytics API Token,SaaS,32,250,8000,690.75,7309.25,4181.6900000000005
2026-03-23,TXN-514627,Workstation Pro Setup,Electronics,8,850,6800,793.02,6006.98,2741.5699999999997
2026-05-26,TXN-745832,Workstation Pro Setup,Electronics,6,850,5100,267.73,4832.27,2337.6400000000003
2026-08-26,TXN-880445,AI Analytics API Token,SaaS,39,250,9750,536.59,9213.41,4580.99
2026-01-04,TXN-840045,Workstation Pro Setup,Electronics,9,850,7650,1360.19,6289.8099999999995,3571.8199999999997
2026-05-30,TXN-345847,Workstation Pro Setup,Electronics,13,850,11050,114.16,10935.84,6453.6900000000005
2026-08-05,TXN-859940,Enterprise Server Suite,Electronics,7,1200,8400,662.83,7737.17,3882.48
2026-04-18,TXN-393313,Cloud Workspace Pro,SaaS,46,45,2070,96.09,1973.91,799.47
2026-03-15,TXN-197064,Workstation Pro Setup,Electronics,10,850,8500,1336.76,7163.24,3717.5699999999997
2026-08-11,TXN-939141,AI Analytics API Token,SaaS,43,250,10750,727.64,10022.36,5884.9400000000005
2026-02-14,TXN-370001,Cloud Workspace Pro,SaaS,38,45,1710,215.88,1494.12,887.3999999999999
2026-04-11,TXN-882409,Cloud Workspace Pro,SaaS,36,45,1620,52.87,1567.13,898.3500000000001
2026-02-20,TXN-437164,AI Analytics API Token,SaaS,16,250,4000,193.42,3806.58,2116.39
2026-04-30,TXN-727763,Cloud Workspace Pro,SaaS,8,45,360,4.84,355.16,162.28000000000003
2026-05-14,TXN-538988,AI Analytics API Token,SaaS,9,250,2250,162.54,2087.46,1249.3899999999999
2026-07-30,TXN-670850,Cybersecurity Firewall V4,Software,8,600,4800,1247.37,3552.63,1512.2900000000002
2026-01-03,TXN-180674,Workstation Pro Setup,Electronics,9,850,7650,464.02,7185.98,3281.6799999999994
2026-08-11,TXN-690669,Workstation Pro Setup,Electronics,9,850,7650,1189.92,6460.08,2767.08
2026-05-21,TXN-591874,AI Analytics API Token,SaaS,10,250,2500,171.81,2328.19,1251.25
2026-03-22,TXN-244179,Enterprise Server Suite,Electronics,2,1200,2400,5.9,2394.1,1240.54
2026-04-02,TXN-748002,AI Analytics API Token,SaaS,30,250,7500,333.14,7166.86,4103.67
2026-08-15,TXN-373958,Workstation Pro Setup,Electronics,10,850,8500,1672.64,6827.36,2854.1899999999996
2026-01-13,TXN-355095,Enterprise Server Suite,Electronics,9,1200,10800,1788.26,9011.74,4308.19
2026-07-21,TXN-132940,Enterprise Server Suite,Electronics,9,1200,10800,2029.86,8770.14,4265.32
2026-02-04,TXN-462612,AI Analytics API Token,SaaS,9,250,2250,116.61,2133.39,971.8799999999999
2026-07-03,TXN-926954,Cloud Workspace Pro,SaaS,46,45,2070,221.84,1848.16,944.5500000000001
2026-08-25,TXN-667827,Cybersecurity Firewall V4,Software,2,600,1200,334.67,865.3299999999999,497.62999999999994
2026-07-04,TXN-148784,Cloud Workspace Pro,SaaS,20,45,900,62.64,837.36,480.09000000000003
2026-02-14,TXN-281413,AI Analytics API Token,SaaS,10,250,2500,176.91,2323.09,1344.5100000000002
2026-05-10,TXN-257255,Workstation Pro Setup,Electronics,9,850,7650,671.13,6978.87,4133.23
2026-06-14,TXN-519972,Enterprise Server Suite,Electronics,4,1200,4800,318.67,4481.33,1965.71
2026-08-19,TXN-800146,Cloud Workspace Pro,SaaS,42,45,1890,24.17,1865.83,796.27
2026-08-11,TXN-485105,Cloud Workspace Pro,SaaS,19,45,855,17.11,837.89,386.83
2026-03-28,TXN-213153,Enterprise Server Suite,Electronics,6,1200,7200,1053.06,6146.9400000000005,3087.5600000000004
2026-04-04,TXN-637691,Cybersecurity Firewall V4,Software,9,600,5400,432.77,4967.23,2075.6399999999994
2026-06-30,TXN-496601,Cybersecurity Firewall V4,Software,4,600,2400,450.76,1949.24,1140.2
2026-08-25,TXN-264404,AI Analytics API Token,SaaS,30,250,7500,193.11,7306.89,4185.88
2026-07-06,TXN-395135,Cybersecurity Firewall V4,Software,7,600,4200,1034.64,3165.3599999999997,1285.4599999999996
2026-06-03,TXN-920217,AI Analytics API Token,SaaS,13,250,3250,303.01,2946.99,1262.37
2026-06-28,TXN-135187,Workstation Pro Setup,Electronics,14,850,11900,627.25,11272.75,6134.34
2026-01-11,TXN-945844,Enterprise Server Suite,Electronics,6,1200,7200,1254.04,5945.96,2705.02
2026-02-08,TXN-847642,Cloud Workspace Pro,SaaS,31,45,1395,19.2,1375.8,638.1099999999999
2026-07-12,TXN-948152,AI Analytics API Token,SaaS,39,250,9750,633.93,9116.07,3678.37
2026-02-12,TXN-227101,Workstation Pro Setup,Electronics,3,850,2550,108.46,2441.54,1417.55
2026-08-24,TXN-232283,Cybersecurity Firewall V4,Software,10,600,6000,99.18,5900.82,3036.6899999999996
2026-08-18,TXN-454388,Cybersecurity Firewall V4,Software,10,600,6000,495.31,5504.69,2864.6799999999994
2026-02-18,TXN-695644,Enterprise Server Suite,Electronics,3,1200,3600,430.08,3169.92,1676.71
2026-08-01,TXN-246692,Cybersecurity Firewall V4,Software,10,600,6000,1287.58,4712.42,2574.73
2026-01-15,TXN-387667,AI Analytics API Token,SaaS,20,250,5000,19.9,4980.1,2392.76
2026-02-16,TXN-575573,Cybersecurity Firewall V4,Software,8,600,4800,1415.61,3384.3900000000003,1696.2700000000004
2026-06-04,TXN-168359,Cloud Workspace Pro,SaaS,42,45,1890,237.81,1652.19,701.48
2026-04-07,TXN-916117,Cybersecurity Firewall V4,Software,7,600,4200,242.54,3957.46,2293.84
2026-07-10,TXN-339646,Cybersecurity Firewall V4,Software,8,600,4800,70.22,4729.78,2039.7399999999998
2026-04-03,TXN-386287,Enterprise Server Suite,Electronics,14,1200,16800,3177.92,13622.08,6586.45
2026-02-05,TXN-752694,Workstation Pro Setup,Electronics,13,850,11050,407.19,10642.81,6264.349999999999
2026-06-18,TXN-786093,Cybersecurity Firewall V4,Software,6,600,3600,52.93,3547.07,1721.91
2026-04-27,TXN-284535,Enterprise Server Suite,Electronics,9,1200,10800,943.96,9856.04,4738.100000000001
2026-07-24,TXN-914299,Cloud Workspace Pro,SaaS,33,45,1485,163.77,1321.23,627.41
2026-03-13,TXN-557576,Cybersecurity Firewall V4,Software,5,600,3000,803.8,2196.2,1014.8999999999999
2026-01-27,TXN-469792,Cloud Workspace Pro,SaaS,6,45,270,27.39,242.61,103.91000000000003
2026-03-28,TXN-558818,Cloud Workspace Pro,SaaS,46,45,2070,57.16,2012.84,1165.17
2026-01-06,TXN-753817,Cybersecurity Firewall V4,Software,10,600,6000,1112.91,4887.09,2168.44
2026-03-23,TXN-579767,Cloud Workspace Pro,SaaS,16,45,720,72.67,647.33,324.02000000000004
2026-04-22,TXN-327444,Workstation Pro Setup,Electronics,1,850,850,3.26,846.74,434.89
2026-04-26,TXN-778710,Cybersecurity Firewall V4,Software,14,600,8400,528.99,7871.01,3480.6800000000003
2026-03-16,TXN-946334,Workstation Pro Setup,Electronics,13,850,11050,2021.79,9028.21,5034.65
2026-07-21,TXN-659119,AI Analytics API Token,SaaS,28,250,7000,350.43,6649.57,2777.1499999999996
2026-02-28,TXN-442776,Enterprise Server Suite,Electronics,3,1200,3600,209.59,3390.41,1927.9499999999998
2026-08-14,TXN-253412,AI Analytics API Token,SaaS,5,250,1250,94.35,1155.65,621.8600000000001
2026-08-15,TXN-665544,Cybersecurity Firewall V4,Software,10,600,6000,4.18,5995.82,2417.6
2026-08-22,TXN-841067,Cloud Workspace Pro,SaaS,27,45,1215,151.82,1063.18,540.5600000000001
2026-01-07,TXN-336545,Enterprise Server Suite,Electronics,10,1200,12000,590.0,11410.0,4684.26
2026-08-21,TXN-367291,Workstation Pro Setup,Electronics,4,850,3400,307.96,3092.04,1270.3899999999999
2026-03-18,TXN-396952,Enterprise Server Suite,Electronics,12,1200,14400,677.89,13722.11,7399.6900000000005
2026-07-02,TXN-710610,Enterprise Server Suite,Electronics,10,1200,12000,1539.78,10460.22,6051.82
2026-01-22,TXN-531779,AI Analytics API Token,SaaS,49,250,12250,241.55,12008.45,6970.64
2026-03-09,TXN-353608,Workstation Pro Setup,Electronics,4,850,3400,558.6,2841.4,1503.63
2026-05-26,TXN-494798,Cloud Workspace Pro,SaaS,25,45,1125,36.84,1088.16,640.99
2026-02-08,TXN-195419,Cybersecurity Firewall V4,Software,6,600,3600,185.97,3414.03,1754.14
2026-06-08,TXN-417953,AI Analytics API Token,SaaS,13,250,3250,138.05,3111.95,1654.4699999999998
2026-06-25,TXN-987278,AI Analytics API Token,SaaS,37,250,9250,911.68,8338.32,3857.84
2026-06-28,TXN-271236,Workstation Pro Setup,Electronics,2,850,1700,36.39,1663.61,738.4099999999999
2026-03-23,TXN-858795,Workstation Pro Setup,Electronics,12,850,10200,998.05,9201.95,5120.43
2026-04-09,TXN-389962,Cybersecurity Firewall V4,Software,1,600,600,17.7,582.3,297.05999999999995
2026-03-22,TXN-956035,Cybersecurity Firewall V4,Software,13,600,7800,560.04,7239.96,3440.26
2026-04-10,TXN-992017,Cloud Workspace Pro,SaaS,13,45,585,23.82,561.18,336.28999999999996
2026-07-25,TXN-431612,Enterprise Server Suite,Electronics,6,1200,7200,1294.9,5905.1,3509.8500000000004
2026-01-04,TXN-388642,Cloud Workspace Pro,SaaS,48,45,2160,291.0,1869.0,771.74
2026-04-24,TXN-524190,Cloud Workspace Pro,SaaS,42,45,1890,4.79,1885.21,788.1800000000001
2026-01-20,TXN-666134,Cloud Workspace Pro,SaaS,29,45,1305,157.68,1147.32,670.77
2026-07-25,TXN-107265,Enterprise Server Suite,Electronics,12,1200,14400,852.47,13547.53,7901.02
2026-08-24,TXN-764607,Cybersecurity Firewall V4,Software,6,600,3600,1067.57,2532.4300000000003,1345.0700000000004
2026-02-02,TXN-710777,AI Analytics API Token,SaaS,34,250,8500,181.22,8318.78,3690.6600000000008
2026-07-04,TXN-292941,Cybersecurity Firewall V4,Software,14,600,8400,233.17,8166.83,4247.68
2026-03-09,TXN-307158,Enterprise Server Suite,Electronics,3,1200,3600,149.88,3450.12,1389.5899999999997
2026-08-03,TXN-172255,Enterprise Server Suite,Electronics,2,1200,2400,42.04,2357.96,1388.0700000000002
2026-01-31,TXN-468697,Workstation Pro Setup,Electronics,2,850,1700,82.86,1617.14,871.3500000000001
2026-04-16,TXN-667256,Workstation Pro Setup,Electronics,10,850,8500,1244.18,7255.82,4101.039999999999
2026-06-11,TXN-664790,Cybersecurity Firewall V4,Software,14,600,8400,178.16,8221.84,4338.6
2026-03-08,TXN-883924,Cybersecurity Firewall V4,Software,3,600,1800,256.25,1543.75,674.29
2026-07-17,TXN-176298,AI Analytics API Token,SaaS,46,250,11500,935.65,10564.35,4828.01
2026-04-13,TXN-400589,Cloud Workspace Pro,SaaS,30,45,1350,31.27,1318.73,625.9300000000001
2026-02-13,TXN-741404,Cybersecurity Firewall V4,Software,11,600,6600,890.36,5709.64,3031.5200000000004
2026-05-04,TXN-240562,Cloud Workspace Pro,SaaS,13,45,585,16.88,568.12,259.36
2026-01-05,TXN-883258,AI Analytics API Token,SaaS,19,250,4750,9.07,4740.93,2190.51
2026-02-09,TXN-696649,Cloud Workspace Pro,SaaS,31,45,1395,95.29,1299.71,645.1700000000001
2026-06-06,TXN-730368,Workstation Pro Setup,Electronics,9,850,7650,222.64,7427.36,3152.2
2026-04-21,TXN-532859,Cloud Workspace Pro,SaaS,36,45,1620,51.22,1568.78,867.0
2026-04-27,TXN-393132,Cybersecurity Firewall V4,Software,1,600,600,74.81,525.19,287.98
2026-06-05,TXN-765329,Enterprise Server Suite,Electronics,11,1200,13200,1478.68,11721.32,5889.03
2026-04-27,TXN-519503,Cloud Workspace Pro,SaaS,20,45,900,94.78,805.22,401.42
2026-07-12,TXN-769745,Enterprise Server Suite,Electronics,6,1200,7200,523.8,6676.2,2845.45
2026-06-15,TXN-506491,Cloud Workspace Pro,SaaS,28,45,1260,112.29,1147.71,523.52
2026-03-15,TXN-880237,Enterprise Server Suite,Electronics,7,1200,8400,457.22,7942.78,4367.99
2026-05-30,TXN-481382,Cloud Workspace Pro,SaaS,43,45,1935,271.35,1663.65,786.21
2026-04-14,TXN-756884,Cloud Workspace Pro,SaaS,29,45,1305,121.94,1183.06,604.0999999999999
2026-07-02,TXN-407980,AI Analytics API Token,SaaS,13,250,3250,53.48,3196.52,1658.1399999999999
2026-08-14,TXN-755337,AI Analytics API Token,SaaS,38,250,9500,118.97,9381.03,4911.81
2026-04-30,TXN-334898,AI Analytics API Token,SaaS,10,250,2500,89.69,2410.31,1141.95
2026-03-08,TXN-670178,Cloud Workspace Pro,SaaS,43,45,1935,88.94,1846.06,752.3799999999999
2026-05-19,TXN-446140,Enterprise Server Suite,Electronics,14,1200,16800,2014.43,14785.57,5994.529999999999
2026-07-29,TXN-787823,Workstation Pro Setup,Electronics,13,850,11050,1125.24,9924.76,5905.89
2026-06-25,TXN-817997,AI Analytics API Token,SaaS,26,250,6500,476.2,6023.8,2789.3500000000004
2026-01-29,TXN-616394,AI Analytics API Token,SaaS,19,250,4750,195.29,4554.71,2519.37
2026-07-27,TXN-150390,Cloud Workspace Pro,SaaS,36,45,1620,83.0,1537.0,818.14
2026-03-07,TXN-289773,AI Analytics API Token,SaaS,44,250,11000,161.27,10838.73,6157.12
2026-01-25,TXN-412712,Enterprise Server Suite,Electronics,5,1200,6000,933.82,5066.18,2726.7000000000003
2026-02-07,TXN-710682,Cybersecurity Firewall V4,Software,9,600,5400,187.53,5212.47,2247.42
2026-07-17,TXN-162119,Workstation Pro Setup,Electronics,4,850,3400,54.86,3345.14,1557.2599999999998
2026-05-11,TXN-905589,Workstation Pro Setup,Electronics,7,850,5950,941.66,5008.34,2803.76
2026-08-03,TXN-359418,Cybersecurity Firewall V4,Software,9,600,5400,1524.22,3875.7799999999997,2183.7
2026-07-13,TXN-794491,Enterprise Server Suite,Electronics,7,1200,8400,1354.82,7045.18,4203.200000000001
2026-07-07,TXN-692610,AI Analytics API Token,SaaS,27,250,6750,174.0,6576.0,3023.17
2026-01-02,TXN-591860,Cybersecurity Firewall V4,Software,5,600,3000,307.51,2692.49,1102.1399999999999
2026-04-03,TXN-300065,Workstation Pro Setup,Electronics,13,850,11050,159.59,10890.41,5043.49
2026-05-01,TXN-738464,Cloud Workspace Pro,SaaS,10,45,450,21.83,428.17,186.75000000000003
2026-02-20,TXN-317912,Cybersecurity Firewall V4,Software,13,600,7800,498.5,7301.5,3493.36
2026-04-25,TXN-607750,AI Analytics API Token,SaaS,16,250,4000,305.01,3694.99,1784.7299999999998
2026-07-24,TXN-789566,Enterprise Server Suite,Electronics,6,1200,7200,1472.08,5727.92,2315.29
2026-03-10,TXN-417455,Enterprise Server Suite,Electronics,8,1200,9600,1250.12,8349.880000000001,3892.2700000000013
2026-04-26,TXN-600653,Workstation Pro Setup,Electronics,13,850,11050,1885.76,9164.24,3929.34
2026-08-12,TXN-490732,Workstation Pro Setup,Electronics,9,850,7650,155.89,7494.11,4472.599999999999
2026-07-07,TXN-279006,AI Analytics API Token,SaaS,36,250,9000,710.02,8289.98,4586.53
2026-03-10,TXN-703910,Enterprise Server Suite,Electronics,10,1200,12000,2621.03,9378.97,5389.529999999999
2026-01-04,TXN-270457,Cloud Workspace Pro,SaaS,9,45,405,7.72,397.28,204.39999999999998
2026-07-29,TXN-411072,Cybersecurity Firewall V4,Software,7,600,4200,1075.0,3125.0,1511.67
2026-06-02,TXN-462681,Cybersecurity Firewall V4,Software,1,600,600,85.42,514.58,271.55000000000007
2026-05-22,TXN-728151,Cybersecurity Firewall V4,Software,4,600,2400,420.77,1979.23,872.0999999999999
2026-03-18,TXN-957617,Cloud Workspace Pro,SaaS,27,45,1215,61.71,1153.29,679.1899999999999
2026-03-14,TXN-718821,Enterprise Server Suite,Electronics,13,1200,15600,2831.64,12768.36,5317.330000000001
2026-08-15,TXN-424809,Cybersecurity Firewall V4,Software,2,600,1200,120.26,1079.74,624.78
2026-03-29,TXN-464765,Cybersecurity Firewall V4,Software,11,600,6600,604.1,5995.9,3395.0499999999997
2026-05-07,TXN-953415,Enterprise Server Suite,Electronics,7,1200,8400,678.6,7721.4,3792.5799999999995
2026-01-12,TXN-830896,AI Analytics API Token,SaaS,25,250,6250,603.45,5646.55,2961.79
2026-02-01,TXN-862945,Enterprise Server Suite,Electronics,6,1200,7200,823.98,6376.02,2857.0700000000006
2026-05-17,TXN-964358,Workstation Pro Setup,Electronics,5,850,4250,17.98,4232.02,2184.63
2026-08-13,TXN-241774,Enterprise Server Suite,Electronics,5,1200,6000,307.47,5692.53,2570.7499999999995
2026-08-25,TXN-608670,Cloud Workspace Pro,SaaS,18,45,810,83.02,726.98,409.5
2026-05-02,TXN-804397,AI Analytics API Token,SaaS,35,250,8750,246.57,8503.43,4647.08
2026-08-20,TXN-835733,Workstation Pro Setup,Electronics,10,850,8500,333.17,8166.83,3358.58
2026-04-01,TXN-717508,Enterprise Server Suite,Electronics,11,1200,13200,3046.84,10153.16,4985.5599999999995
2026-01-26,TXN-621397,Enterprise Server Suite,Electronics,12,1200,14400,1632.86,12767.14,7563.129999999999
2026-04-16,TXN-929374,AI Analytics API Token,SaaS,34,250,8500,96.6,8403.4,5035.45
2026-01-11,TXN-706603,Enterprise Server Suite,Electronics,7,1200,8400,1070.42,7329.58,3957.87
2026-01-15,TXN-840970,AI Analytics API Token,SaaS,41,250,10250,205.73,10044.27,4258.46
2026-06-03,TXN-812917,Workstation Pro Setup,Electronics,2,850,1700,210.99,1489.01,703.3
2026-02-19,TXN-703841,AI Analytics API Token,SaaS,30,250,7500,399.64,7100.36,3590.91
2026-05-03,TXN-329937,Cybersecurity Firewall V4,Software,11,600,6600,1550.66,5049.34,2859.83
2026-05-22,TXN-258571,Cloud Workspace Pro,SaaS,39,45,1755,261.56,1493.44,843.83
2026-07-23,TXN-100294,AI Analytics API Token,SaaS,43,250,10750,67.63,10682.37,6009.160000000001
2026-01-25,TXN-707317,Cybersecurity Firewall V4,Software,10,600,6000,1301.99,4698.01,2690.9700000000003
2026-05-29,TXN-420580,Workstation Pro Setup,Electronics,4,850,3400,204.8,3195.2,1758.0099999999998
2026-01-04,TXN-580674,Workstation Pro Setup,Electronics,14,850,11900,1071.15,10828.85,6053.93
2026-04-11,TXN-283024,Cybersecurity Firewall V4,Software,10,600,6000,544.72,5455.28,2771.2999999999997
2026-03-22,TXN-405218,AI Analytics API Token,SaaS,35,250,8750,447.95,8302.05,4106.179999999999
2026-05-20,TXN-889404,Workstation Pro Setup,Electronics,12,850,10200,403.29,9796.71,5253.349999999999
2026-03-22,TXN-930445,Workstation Pro Setup,Electronics,14,850,11900,52.32,11847.68,5206.59
2026-03-11,TXN-812932,AI Analytics API Token,SaaS,28,250,7000,94.94,6905.06,3941.9200000000005
2026-04-30,TXN-485781,Cloud Workspace Pro,SaaS,44,45,1980,278.43,1701.57,785.4699999999999
2026-01-24,TXN-153915,Enterprise Server Suite,Electronics,2,1200,2400,505.32,1894.68,1057.49
2026-08-20,TXN-566389,Workstation Pro Setup,Electronics,7,850,5950,479.01,5470.99,2275.89
2026-08-22,TXN-631661,AI Analytics API Token,SaaS,33,250,8250,764.5,7485.5,3767.17
2026-07-29,TXN-663508,Workstation Pro Setup,Electronics,8,850,6800,927.23,5872.77,2479.7700000000004
2026-07-19,TXN-617473,Workstation Pro Setup,Electronics,11,850,9350,1742.2,7607.8,4405.17
2026-01-30,TXN-942843,Cloud Workspace Pro,SaaS,41,45,1845,220.97,1624.03,744.7099999999999
2026-06-16,TXN-498825,Workstation Pro Setup,Electronics,14,850,11900,419.93,11480.07,4693.2699999999995
2026-07-29,TXN-719330,Workstation Pro Setup,Electronics,9,850,7650,885.2,6764.8,2825.8700000000003
2026-04-18,TXN-305671,Cloud Workspace Pro,SaaS,24,45,1080,25.78,1054.22,557.86
2026-03-08,TXN-233177,Cybersecurity Firewall V4,Software,7,600,4200,119.51,4080.49,2004.2299999999996
2026-01-09,TXN-330168,AI Analytics API Token,SaaS,22,250,5500,93.06,5406.94,3041.3699999999994
2026-04-26,TXN-420847,Workstation Pro Setup,Electronics,9,850,7650,709.63,6940.37,3922.73
2026-01-27,TXN-788340,Cloud Workspace Pro,SaaS,8,45,360,29.69,330.31,157.26
2026-05-03,TXN-728580,Enterprise Server Suite,Electronics,10,1200,12000,1418.97,10581.03,5248.860000000001
2026-04-15,TXN-234917,Cloud Workspace Pro,SaaS,15,45,675,91.43,583.5699999999999,344.2099999999999
2026-04-17,TXN-743784,AI Analytics API Token,SaaS,44,250,11000,989.46,10010.54,4122.580000000001
2026-04-21,TXN-702294,Cloud Workspace Pro,SaaS,33,45,1485,122.38,1362.62,656.5499999999998
2026-07-19,TXN-609163,Cybersecurity Firewall V4,Software,6,600,3600,393.73,3206.27,1382.75
2026-05-07,TXN-778387,Cybersecurity Firewall V4,Software,3,600,1800,274.8,1525.2,896.07
2026-02-02,TXN-386305,Cybersecurity Firewall V4,Software,1,600,600,77.78,522.22,212.38000000000005
2026-05-17,TXN-511377,AI Analytics API Token,SaaS,11,250,2750,197.41,2552.59,1024.8000000000002
2026-01-25,TXN-421199,AI Analytics API Token,SaaS,28,250,7000,260.21,6739.79,4020.0
2026-01-08,TXN-152021,AI Analytics API Token,SaaS,39,250,9750,758.46,8991.54,4707.320000000001
2026-06-14,TXN-983435,AI Analytics API Token,SaaS,32,250,8000,293.87,7706.13,3813.08
2026-05-07,TXN-754287,Enterprise Server Suite,Electronics,1,1200,1200,157.28,1042.72,485.76
2026-08-09,TXN-264244,Enterprise Server Suite,Electronics,1,1200,1200,280.02,919.98,418.86
2026-07-05,TXN-654636,Cybersecurity Firewall V4,Software,5,600,3000,26.37,2973.63,1416.5800000000002
2026-03-06,TXN-362512,Workstation Pro Setup,Electronics,9,850,7650,652.24,6997.76,3579.5800000000004
2026-08-21,TXN-786296,AI Analytics API Token,SaaS,15,250,3750,175.01,3574.99,2107.3099999999995
2026-01-11,TXN-201735,Workstation Pro Setup,Electronics,7,850,5950,501.6,5448.4,3166.18
2026-05-09,TXN-721747,Workstation Pro Setup,Electronics,13,850,11050,632.68,10417.32,5734.8099999999995
2026-06-08,TXN-396412,AI Analytics API Token,SaaS,27,250,6750,281.95,6468.05,3786.29
2026-03-16,TXN-698411,Enterprise Server Suite,Electronics,10,1200,12000,2129.21,9870.79,5907.950000000001
2026-01-07,TXN-208775,AI Analytics API Token,SaaS,43,250,10750,989.83,9760.17,3965.71
2026-07-20,TXN-967619,Enterprise Server Suite,Electronics,2,1200,2400,567.01,1832.99,852.85
2026-03-30,TXN-436497,Workstation Pro Setup,Electronics,1,850,850,92.07,757.9300000000001,359.3500000000001
2026-01-28,TXN-314560,Workstation Pro Setup,Electronics,11,850,9350,1182.07,8167.93,4078.2300000000005
2026-01-20,TXN-894335,Cloud Workspace Pro,SaaS,16,45,720,66.47,653.53,366.92999999999995
2026-04-22,TXN-167300,AI Analytics API Token,SaaS,29,250,7250,28.58,7221.42,3262.19
2026-08-28,TXN-138744,Cloud Workspace Pro,SaaS,47,45,2115,33.71,2081.29,1176.48
2026-04-25,TXN-669405,AI Analytics API Token,SaaS,43,250,10750,787.84,9962.16,4964.43
2026-04-19,TXN-492144,Cybersecurity Firewall V4,Software,7,600,4200,711.84,3488.16,2031.4099999999999
2026-02-21,TXN-353807,AI Analytics API Token,SaaS,37,250,9250,641.4,8608.6,3459.55
2026-08-26,TXN-645648,AI Analytics API Token,SaaS,12,250,3000,132.18,2867.82,1229.18
2026-03-05,TXN-871279,AI Analytics API Token,SaaS,33,250,8250,481.03,7768.97,3169.4000000000005
2026-01-19,TXN-873931,Cybersecurity Firewall V4,Software,13,600,7800,2201.22,5598.780000000001,3305.7600000000007
2026-07-07,TXN-872783,Workstation Pro Setup,Electronics,7,850,5950,471.3,5478.7,3069.0
2026-05-20,TXN-483609,Enterprise Server Suite,Electronics,7,1200,8400,1600.06,6799.9400000000005,3393.0100000000007
2026-08-24,TXN-623512,AI Analytics API Token,SaaS,39,250,9750,327.94,9422.06,4547.5599999999995
2026-03-03,TXN-158453,Cybersecurity Firewall V4,Software,2,600,1200,139.41,1060.59,469.9699999999999
2026-06-08,TXN-919781,AI Analytics API Token,SaaS,14,250,3500,308.57,3191.43,1586.0199999999998
2026-05-28,TXN-861269,Cybersecurity Firewall V4,Software,7,600,4200,144.57,4055.43,2330.95
2026-02-15,TXN-663889,AI Analytics API Token,SaaS,24,250,6000,19.49,5980.51,2876.2900000000004
2026-06-11,TXN-790091,AI Analytics API Token,SaaS,44,250,11000,474.09,10525.91,5708.91
2026-02-03,TXN-728758,Cloud Workspace Pro,SaaS,11,45,495,7.03,487.97,289.58000000000004
2026-02-15,TXN-617537,Enterprise Server Suite,Electronics,13,1200,15600,1582.29,14017.71,8295.449999999999
2026-04-23,TXN-867842,Workstation Pro Setup,Electronics,12,850,10200,1801.71,8398.29,3446.3200000000006
2026-03-25,TXN-937946,Cloud Workspace Pro,SaaS,49,45,2205,177.98,2027.02,1187.6100000000001
2026-06-26,TXN-379365,Workstation Pro Setup,Electronics,7,850,5950,261.42,5688.58,2902.22
2026-05-03,TXN-886064,Enterprise Server Suite,Electronics,14,1200,16800,2729.8,14070.2,6320.990000000001
2026-08-20,TXN-831316,Workstation Pro Setup,Electronics,5,850,4250,618.43,3631.57,1721.4600000000003
2026-03-05,TXN-375375,AI Analytics API Token,SaaS,10,250,2500,28.1,2471.9,1350.4
2026-06-20,TXN-838157,Enterprise Server Suite,Electronics,1,1200,1200,181.14,1018.86,550.4000000000001
2026-02-24,TXN-145591,Enterprise Server Suite,Electronics,1,1200,1200,289.81,910.19,522.33
2026-02-24,TXN-114429,Enterprise Server Suite,Electronics,7,1200,8400,465.74,7934.26,3522.0600000000004
2026-03-12,TXN-311979,Enterprise Server Suite,Electronics,7,1200,8400,996.35,7403.65,4427.43
2026-02-04,TXN-401033,Workstation Pro Setup,Electronics,4,850,3400,380.54,3019.46,1642.98
2026-08-17,TXN-885372,Enterprise Server Suite,Electronics,12,1200,14400,109.65,14290.35,8314.48
2026-05-08,TXN-781505,Cybersecurity Firewall V4,Software,2,600,1200,75.39,1124.61,553.9599999999999
2026-04-13,TXN-666694,Workstation Pro Setup,Electronics,11,850,9350,882.08,8467.92,3455.2799999999997
2026-03-18,TXN-891494,Cybersecurity Firewall V4,Software,1,600,600,131.36,468.64,212.25
2026-04-12,TXN-819831,Cybersecurity Firewall V4,Software,5,600,3000,499.16,2500.84,1049.5400000000002
2026-07-17,TXN-640997,Cybersecurity Firewall V4,Software,10,600,6000,135.74,5864.26,3224.92
2026-04-17,TXN-200025,Cybersecurity Firewall V4,Software,11,600,6600,910.69,5689.3099999999995,2722.9299999999994
2026-03-11,TXN-946278,Enterprise Server Suite,Electronics,9,1200,10800,2611.79,8188.21,4473.0599999999995
2026-07-20,TXN-741553,Enterprise Server Suite,Electronics,1,1200,1200,167.74,1032.26,515.56
2026-01-10,TXN-980979,Workstation Pro Setup,Electronics,11,850,9350,624.78,8725.22,4324.509999999999
2026-07-12,TXN-424058,Workstation Pro Setup,Electronics,3,850,2550,388.11,2161.89,988.8399999999999
2026-05-25,TXN-264437,Cybersecurity Firewall V4,Software,4,600,2400,687.73,1712.27,945.12
2026-06-02,TXN-346476,Cloud Workspace Pro,SaaS,26,45,1170,27.17,1142.83,604.28
2026-04-28,TXN-122995,Cybersecurity Firewall V4,Software,7,600,4200,529.51,3670.49,1789.6499999999999
2026-06-10,TXN-599471,Workstation Pro Setup,Electronics,1,850,850,13.24,836.76,383.77
2026-04-30,TXN-603256,Workstation Pro Setup,Electronics,13,850,11050,818.79,10231.21,4974.579999999999
2026-01-19,TXN-996977,Enterprise Server Suite,Electronics,2,1200,2400,443.74,1956.26,1139.87
2026-05-30,TXN-665836,Enterprise Server Suite,Electronics,11,1200,13200,2372.76,10827.24,5874.889999999999
2026-06-04,TXN-750558,Enterprise Server Suite,Electronics,14,1200,16800,1266.98,15533.02,8126.820000000001
2026-04-23,TXN-332362,AI Analytics API Token,SaaS,18,250,4500,13.11,4486.89,2001.9500000000003
2026-05-25,TXN-595288,Enterprise Server Suite,Electronics,5,1200,6000,894.59,5105.41,2689.5
2026-05-01,TXN-901123,Cloud Workspace Pro,SaaS,14,45,630,24.42,605.58,264.20000000000005
2026-08-04,TXN-141708,Workstation Pro Setup,Electronics,11,850,9350,365.32,8984.68,5234.93
2026-02-06,TXN-455992,Enterprise Server Suite,Electronics,6,1200,7200,954.76,6245.24,2919.29
2026-05-05,TXN-599964,Cloud Workspace Pro,SaaS,12,45,540,58.76,481.24,277.85
2026-07-17,TXN-945753,AI Analytics API Token,SaaS,46,250,11500,882.25,10617.75,4305.1
2026-07-23,TXN-754986,AI Analytics API Token,SaaS,16,250,4000,222.35,3777.65,1738.0800000000002
2026-02-05,TXN-564535,Workstation Pro Setup,Electronics,1,850,850,158.06,691.94,283.99000000000007
2026-07-20,TXN-837550,Cybersecurity Firewall V4,Software,9,600,5400,659.46,4740.54,2201.81
2026-01-03,TXN-951726,AI Analytics API Token,SaaS,35,250,8750,610.27,8139.73,4736.51
2026-04-19,TXN-502993,Workstation Pro Setup,Electronics,12,850,10200,1828.36,8371.64,3874.879999999999
2026-03-12,TXN-581127,Cloud Workspace Pro,SaaS,22,45,990,47.61,942.39,531.8199999999999
2026-03-25,TXN-818980,Cloud Workspace Pro,SaaS,47,45,2115,79.69,2035.31,1090.6999999999998
2026-05-19,TXN-611188,Enterprise Server Suite,Electronics,2,1200,2400,215.4,2184.6,957.5699999999999
2026-05-28,TXN-196651,Cybersecurity Firewall V4,Software,7,600,4200,385.25,3814.75,2233.27
2026-01-22,TXN-636343,Workstation Pro Setup,Electronics,2,850,1700,269.52,1430.48,778.4300000000001
2026-01-14,TXN-288726,Workstation Pro Setup,Electronics,5,850,4250,35.4,4214.6,1828.6000000000004
2026-07-24,TXN-280645,Cybersecurity Firewall V4,Software,8,600,4800,1259.24,3540.76,2093.7000000000003
2026-08-26,TXN-789692,Enterprise Server Suite,Electronics,1,1200,1200,225.7,974.3,581.1399999999999
2026-06-14,TXN-461756,Enterprise Server Suite,Electronics,10,1200,12000,1202.65,10797.35,5836.200000000001
2026-06-20,TXN-254030,AI Analytics API Token,SaaS,14,250,3500,276.55,3223.45,1793.6699999999998
2026-02-11,TXN-873372,Cloud Workspace Pro,SaaS,36,45,1620,174.86,1445.1399999999999,763.3599999999999
2026-05-02,TXN-133734,Cloud Workspace Pro,SaaS,6,45,270,12.33,257.67,153.32000000000002
2026-02-21,TXN-720160,AI Analytics API Token,SaaS,13,250,3250,132.08,3117.92,1339.92
2026-03-14,TXN-641228,Workstation Pro Setup,Electronics,5,850,4250,207.86,4042.14,2241.5099999999998
2026-07-15,TXN-444937,Enterprise Server Suite,Electronics,9,1200,10800,1184.4,9615.6,5349.59
2026-02-12,TXN-193190,Enterprise Server Suite,Electronics,6,1200,7200,160.81,7039.19,3607.1899999999996
2026-07-27,TXN-650901,Cybersecurity Firewall V4,Software,1,600,600,159.63,440.37,185.94
2026-06-14,TXN-951271,Cybersecurity Firewall V4,Software,1,600,600,103.51,496.49,219.79000000000002
2026-07-08,TXN-958811,Cybersecurity Firewall V4,Software,1,600,600,154.4,445.6,225.11
2026-03-23,TXN-856355,AI Analytics API Token,SaaS,14,250,3500,120.61,3379.39,1918.83
2026-03-18,TXN-201551,Enterprise Server Suite,Electronics,13,1200,15600,14.94,15585.06,8608.8
2026-02-02,TXN-933510,Cloud Workspace Pro,SaaS,23,45,1035,122.64,912.36,430.76
2026-05-05,TXN-265486,Cloud Workspace Pro,SaaS,5,45,225,29.77,195.23,100.19999999999999
2026-01-15,TXN-565448,AI Analytics API Token,SaaS,9,250,2250,64.67,2185.33,1067.37
2026-08-03,TXN-650049,Workstation Pro Setup,Electronics,9,850,7650,268.64,7381.36,4166.69
2026-07-10,TXN-184667,Enterprise Server Suite,Electronics,12,1200,14400,227.48,14172.52,6807.950000000001
2026-03-11,TXN-511811,Cybersecurity Firewall V4,Software,2,600,1200,285.42,914.5799999999999,383.06999999999994
2026-06-13,TXN-752315,Cybersecurity Firewall V4,Software,8,600,4800,472.69,4327.31,2498.7300000000005
2026-07-15,TXN-302268,Workstation Pro Setup,Electronics,3,850,2550,146.5,2403.5,1087.92
2026-05-07,TXN-423860,Cloud Workspace Pro,SaaS,14,45,630,5.17,624.83,330.53000000000003
2026-03-06,TXN-325825,Workstation Pro Setup,Electronics,12,850,10200,1487.65,8712.35,3703.1900000000005
2026-05-04,TXN-962035,Enterprise Server Suite,Electronics,2,1200,2400,246.18,2153.82,1148.8700000000001
2026-03-06,TXN-198843,Cybersecurity Firewall V4,Software,1,600,600,123.9,476.1,260.92
2026-08-11,TXN-922922,Cybersecurity Firewall V4,Software,11,600,6600,293.16,6306.84,3659.63
2026-01-28,TXN-663998,Cloud Workspace Pro,SaaS,36,45,1620,112.84,1507.16,773.7
2026-03-22,TXN-397668,Enterprise Server Suite,Electronics,10,1200,12000,2472.8,9527.2,4640.050000000001
2026-07-17,TXN-193476,Enterprise Server Suite,Electronics,11,1200,13200,2625.3,10574.7,5335.68
2026-05-09,TXN-393128,Workstation Pro Setup,Electronics,4,850,3400,634.1,2765.9,1184.0800000000002
2026-08-02,TXN-709557,Workstation Pro Setup,Electronics,10,850,8500,1584.62,6915.38,3083.94
2026-03-11,TXN-815663,Cloud Workspace Pro,SaaS,6,45,270,2.43,267.57,132.84
2026-07-23,TXN-844974,Enterprise Server Suite,Electronics,5,1200,6000,434.89,5565.11,2389.72
2026-02-22,TXN-749362,Workstation Pro Setup,Electronics,8,850,6800,1271.82,5528.18,2915.2100000000005
2026-08-27,TXN-952756,AI Analytics API Token,SaaS,15,250,3750,59.77,3690.23,1499.69
